Timestamp,Source IP,Domain,Status,Risk Score
14/2/2026, 2:21:09 pm,10.124.8.114,,NORMAL,0.00
14/2/2026, 2:21:09 pm,10.124.5.196,,NORMAL,0.00
14/2/2026, 2:21:09 pm,10.124.0.106,,NORMAL,0.00
14/2/2026, 2:21:09 pm,10.124.6.6,,NORMAL,0.00
14/2/2026, 2:21:10 pm,10.124.10.225,,NORMAL,0.00
14/2/2026, 2:21:10 pm,10.124.8.114,,NORMAL,0.00
14/2/2026, 2:21:10 pm,10.124.18.45,,NORMAL,0.00
14/2/2026, 2:21:10 pm,10.124.7.5,,NORMAL,0.00
14/2/2026, 2:21:10 pm,10.124.8.63,,NORMAL,0.00
14/2/2026, 2:21:11 pm,10.124.2.29,,NORMAL,0.00
14/2/2026, 2:21:11 pm,10.124.7.74,,NORMAL,0.00
14/2/2026, 2:21:11 pm,10.124.19.150,,NORMAL,0.00
14/2/2026, 2:21:11 pm,10.124.6.197,,NORMAL,0.00
14/2/2026, 2:21:11 pm,10.124.2.38,,NORMAL,0.00
14/2/2026, 2:21:11 pm,10.124.5.18,,NORMAL,0.00
14/2/2026, 2:21:11 pm,10.124.2.29,,NORMAL,0.00
14/2/2026, 2:21:11 pm,10.124.6.64,,NORMAL,0.00
14/2/2026, 2:21:11 pm,10.124.18.45,,NORMAL,0.00
14/2/2026, 2:21:11 pm,10.124.7.5,,NORMAL,0.00
14/2/2026, 2:21:11 pm,10.124.31.1,,NORMAL,0.00
14/2/2026, 2:21:11 pm,10.124.5.55,,NORMAL,0.00
14/2/2026, 2:21:11 pm,10.124.5.18,,NORMAL,0.00
14/2/2026, 2:21:11 pm,8.8.8.8,,NORMAL,0.00
14/2/2026, 2:21:12 pm,10.124.0.106,,NORMAL,0.00
14/2/2026, 2:21:12 pm,10.124.7.36,,NORMAL,0.00
14/2/2026, 2:21:12 pm,10.124.9.147,,NORMAL,0.00
14/2/2026, 2:21:12 pm,10.124.31.1,,NORMAL,0.00
14/2/2026, 2:21:12 pm,10.124.9.229,,NORMAL,0.00
14/2/2026, 2:21:12 pm,10.124.5.18,,NORMAL,0.00
14/2/2026, 2:21:12 pm,10.124.11.173,,NORMAL,0.00
14/2/2026, 2:21:12 pm,10.124.8.107,,NORMAL,0.00
14/2/2026, 2:21:12 pm,10.124.8.107,,NORMAL,0.00
14/2/2026, 2:21:12 pm,10.124.5.18,,NORMAL,0.00
14/2/2026, 2:21:12 pm,10.124.11.173,,NORMAL,0.00
14/2/2026, 2:21:12 pm,10.124.9.150,,NORMAL,0.00
14/2/2026, 2:21:13 pm,10.124.11.173,,NORMAL,0.00
14/2/2026, 2:21:13 pm,10.124.10.225,,NORMAL,0.00
14/2/2026, 2:21:13 pm,10.124.3.195,,NORMAL,0.00
14/2/2026, 2:21:13 pm,10.124.3.195,,NORMAL,0.00
14/2/2026, 2:21:13 pm,10.124.3.195,,NORMAL,0.00
14/2/2026, 2:21:13 pm,10.124.6.100,,NORMAL,0.00
14/2/2026, 2:21:13 pm,10.124.10.214,,NORMAL,0.00
14/2/2026, 2:21:13 pm,10.124.5.55,,NORMAL,0.00
14/2/2026, 2:21:13 pm,10.124.5.55,,NORMAL,0.00
14/2/2026, 2:21:13 pm,8.8.8.8,,NORMAL,0.00
14/2/2026, 2:21:13 pm,8.8.8.8,,NORMAL,0.00
14/2/2026, 2:21:13 pm,10.124.2.38,,NORMAL,0.00
14/2/2026, 2:21:13 pm,10.124.8.107,,NORMAL,0.00
14/2/2026, 2:21:13 pm,10.124.8.107,,NORMAL,0.00
14/2/2026, 2:21:13 pm,10.124.8.114,,NORMAL,0.00
14/2/2026, 2:21:13 pm,10.124.18.45,,NORMAL,0.00
14/2/2026, 2:21:13 pm,10.124.7.5,,NORMAL,0.00
14/2/2026, 2:21:13 pm,10.124.9.84,,NORMAL,0.00
14/2/2026, 2:21:13 pm,10.124.0.106,,NORMAL,0.00
14/2/2026, 2:21:14 pm,10.124.13.36,,NORMAL,0.00
14/2/2026, 2:21:14 pm,10.124.13.36,,NORMAL,0.00
14/2/2026, 2:21:14 pm,10.124.8.63,,NORMAL,0.00
14/2/2026, 2:21:14 pm,10.124.3.195,,NORMAL,0.00
14/2/2026, 2:21:14 pm,10.124.6.100,,NORMAL,0.00
14/2/2026, 2:21:14 pm,10.124.29.0,,NORMAL,0.00
14/2/2026, 2:21:14 pm,10.124.4.6,,NORMAL,0.00
14/2/2026, 2:21:14 pm,10.124.13.36,,NORMAL,0.00
14/2/2026, 2:21:15 pm,10.124.11.116,,NORMAL,0.00
14/2/2026, 2:21:15 pm,10.124.4.6,,NORMAL,0.00
14/2/2026, 2:21:15 pm,10.124.8.63,,NORMAL,0.00
14/2/2026, 2:21:15 pm,10.124.13.36,,NORMAL,0.00
14/2/2026, 2:21:15 pm,10.124.8.63,,NORMAL,0.00
14/2/2026, 2:21:15 pm,10.124.3.195,,NORMAL,0.00
14/2/2026, 2:21:15 pm,10.124.6.50,,NORMAL,0.00
14/2/2026, 2:21:15 pm,10.124.30.121,,NORMAL,0.00
14/2/2026, 2:21:15 pm,10.124.8.63,,NORMAL,0.00
14/2/2026, 2:21:15 pm,10.124.31.1,,NORMAL,0.00
14/2/2026, 2:21:15 pm,10.124.11.49,,NORMAL,0.00
14/2/2026, 2:21:15 pm,10.124.5.18,,NORMAL,0.00
14/2/2026, 2:21:15 pm,10.124.2.38,,NORMAL,0.00
14/2/2026, 2:21:15 pm,10.124.8.107,,NORMAL,0.00
14/2/2026, 2:21:15 pm,10.124.8.107,,NORMAL,0.00
14/2/2026, 2:21:15 pm,10.124.3.162,,NORMAL,0.00
14/2/2026, 2:21:15 pm,10.124.5.18,,NORMAL,0.00
14/2/2026, 2:21:16 pm,10.124.5.130,,NORMAL,0.00
14/2/2026, 2:21:16 pm,10.124.31.1,,NORMAL,0.00
14/2/2026, 2:21:16 pm,10.124.5.55,,NORMAL,0.00
14/2/2026, 2:21:16 pm,10.124.5.55,,NORMAL,0.00
14/2/2026, 2:21:16 pm,8.8.8.8,,NORMAL,0.00
14/2/2026, 2:21:16 pm,8.8.8.8,,NORMAL,0.00
14/2/2026, 2:21:16 pm,10.124.6.100,,NORMAL,0.00
14/2/2026, 2:21:16 pm,10.124.9.163,,NORMAL,0.00
14/2/2026, 2:21:16 pm,10.124.7.188,,NORMAL,0.00
14/2/2026, 2:21:16 pm,10.124.7.188,,NORMAL,0.00
14/2/2026, 2:21:16 pm,10.124.7.188,,NORMAL,0.00
14/2/2026, 2:21:16 pm,10.124.7.188,,NORMAL,0.00
14/2/2026, 2:21:16 pm,10.124.7.188,,NORMAL,0.00
14/2/2026, 2:21:16 pm,10.124.7.70,,NORMAL,0.00
14/2/2026, 2:21:16 pm,10.124.10.96,,NORMAL,0.00
14/2/2026, 2:21:16 pm,10.124.10.96,,NORMAL,0.00
14/2/2026, 2:21:17 pm,10.124.27.110,,NORMAL,0.00
14/2/2026, 2:21:17 pm,10.124.8.63,,NORMAL,0.00
14/2/2026, 2:21:17 pm,10.124.0.111,,NORMAL,0.00
14/2/2026, 2:21:17 pm,Unknown,,NORMAL,0.00
14/2/2026, 2:21:17 pm,10.124.8.249,,NORMAL,0.00
14/2/2026, 2:21:17 pm,10.124.7.67,,NORMAL,0.00
14/2/2026, 2:21:17 pm,10.124.1.100,,NORMAL,0.00
14/2/2026, 2:21:17 pm,10.124.7.188,,NORMAL,0.00
14/2/2026, 2:21:17 pm,10.124.7.188,,NORMAL,0.00
14/2/2026, 2:21:17 pm,10.124.7.188,,NORMAL,0.00
14/2/2026, 2:21:17 pm,10.124.7.70,,NORMAL,0.00
14/2/2026, 2:21:17 pm,10.124.7.188,,NORMAL,0.00
14/2/2026, 2:21:17 pm,10.124.7.188,,NORMAL,0.00
14/2/2026, 2:21:17 pm,10.124.7.70,,NORMAL,0.00
14/2/2026, 2:21:17 pm,10.124.2.38,,NORMAL,0.00
14/2/2026, 2:21:17 pm,10.124.8.3,,NORMAL,0.00
14/2/2026, 2:21:17 pm,10.124.10.96,,NORMAL,0.00
14/2/2026, 2:21:17 pm,10.124.10.96,,NORMAL,0.00
14/2/2026, 2:21:17 pm,10.124.9.212,,NORMAL,0.00
14/2/2026, 2:21:17 pm,10.124.7.70,,NORMAL,0.00
14/2/2026, 2:21:17 pm,10.124.7.67,,NORMAL,0.00
14/2/2026, 2:21:17 pm,10.124.10.119,,NORMAL,0.00
14/2/2026, 2:21:17 pm,10.124.10.119,,NORMAL,0.00
14/2/2026, 2:21:17 pm,10.124.5.52,,NORMAL,0.00
14/2/2026, 2:21:17 pm,10.124.7.70,,NORMAL,0.00
14/2/2026, 2:21:17 pm,10.124.13.36,,NORMAL,0.00
14/2/2026, 2:21:17 pm,10.124.9.146,,NORMAL,0.00
14/2/2026, 2:21:17 pm,10.124.0.106,,NORMAL,0.00
14/2/2026, 2:21:17 pm,10.124.7.70,,NORMAL,0.00
14/2/2026, 2:21:18 pm,10.124.7.70,,NORMAL,0.00
14/2/2026, 2:21:18 pm,10.124.13.36,,NORMAL,0.00
14/2/2026, 2:21:18 pm,Unknown,,NORMAL,0.00
14/2/2026, 2:21:18 pm,10.124.7.70,,NORMAL,0.00
14/2/2026, 2:21:18 pm,10.124.7.70,,NORMAL,0.00
14/2/2026, 2:21:18 pm,10.124.7.67,,NORMAL,0.00
14/2/2026, 2:21:18 pm,10.124.4.58,,NORMAL,0.00
14/2/2026, 2:21:18 pm,10.124.7.70,,NORMAL,0.00
14/2/2026, 2:21:18 pm,10.124.7.70,,NORMAL,0.00
14/2/2026, 2:21:18 pm,10.124.9.212,,NORMAL,0.00
14/2/2026, 2:21:18 pm,10.124.7.70,,NORMAL,0.00
14/2/2026, 2:21:18 pm,10.124.7.70,,NORMAL,0.00
14/2/2026, 2:21:18 pm,10.124.7.50,,NORMAL,0.00
14/2/2026, 2:21:18 pm,10.124.5.188,,NORMAL,0.00
14/2/2026, 2:21:18 pm,10.124.5.188,,NORMAL,0.00
14/2/2026, 2:21:18 pm,10.124.5.188,,NORMAL,0.00
14/2/2026, 2:21:18 pm,10.124.5.188,,NORMAL,0.00
14/2/2026, 2:21:18 pm,10.124.5.188,,NORMAL,0.00
14/2/2026, 2:21:18 pm,10.124.5.188,,NORMAL,0.00
14/2/2026, 2:21:18 pm,10.124.7.70,,NORMAL,0.00
14/2/2026, 2:21:18 pm,10.124.10.119,,NORMAL,0.00
14/2/2026, 2:21:18 pm,10.124.10.119,,NORMAL,0.00
14/2/2026, 2:21:18 pm,10.124.2.218,,NORMAL,0.00
14/2/2026, 2:21:18 pm,10.124.9.91,,NORMAL,0.00
14/2/2026, 2:21:18 pm,10.124.6.6,,NORMAL,0.00
14/2/2026, 2:21:18 pm,10.124.10.2,,NORMAL,0.00
14/2/2026, 2:21:18 pm,10.124.9.146,,NORMAL,0.00
14/2/2026, 2:21:18 pm,10.124.7.70,,NORMAL,0.00
14/2/2026, 2:21:19 pm,10.124.8.63,,NORMAL,0.00
14/2/2026, 2:21:19 pm,10.124.7.70,,NORMAL,0.00
14/2/2026, 2:21:19 pm,10.124.29.205,,NORMAL,0.00
14/2/2026, 2:21:19 pm,10.124.6.168,,NORMAL,0.00
14/2/2026, 2:21:19 pm,10.124.7.67,,NORMAL,0.00
14/2/2026, 2:21:19 pm,10.124.7.70,,NORMAL,0.00
14/2/2026, 2:21:19 pm,10.124.3.56,,NORMAL,0.00
14/2/2026, 2:21:19 pm,10.124.7.188,,NORMAL,0.00
14/2/2026, 2:21:19 pm,10.124.7.188,,NORMAL,0.00
14/2/2026, 2:21:19 pm,10.124.7.188,,NORMAL,0.00
14/2/2026, 2:21:19 pm,10.124.7.188,,NORMAL,0.00
14/2/2026, 2:21:19 pm,10.124.2.38,,NORMAL,0.00
14/2/2026, 2:21:19 pm,10.124.7.70,,NORMAL,0.00
14/2/2026, 2:21:19 pm,10.124.10.96,,NORMAL,0.00
14/2/2026, 2:21:19 pm,10.124.10.96,,NORMAL,0.00
14/2/2026, 2:21:19 pm,10.124.7.70,,NORMAL,0.00
14/2/2026, 2:21:19 pm,10.124.9.146,,NORMAL,0.00
14/2/2026, 2:21:19 pm,10.124.9.146,,NORMAL,0.00
14/2/2026, 2:21:19 pm,10.124.7.70,,NORMAL,0.00
14/2/2026, 2:21:19 pm,10.124.5.55,,NORMAL,0.00
14/2/2026, 2:21:19 pm,10.124.9.146,,NORMAL,0.00
14/2/2026, 2:21:19 pm,10.124.9.146,,NORMAL,0.00
14/2/2026, 2:21:19 pm,10.124.9.146,,NORMAL,0.00
14/2/2026, 2:21:19 pm,10.124.10.53,,NORMAL,0.00
14/2/2026, 2:21:19 pm,10.124.29.205,,NORMAL,0.00
14/2/2026, 2:21:19 pm,10.124.31.208,,NORMAL,0.00
14/2/2026, 2:21:19 pm,Unknown,,NORMAL,0.00
14/2/2026, 2:21:19 pm,10.124.7.40,,NORMAL,0.00
14/2/2026, 2:21:19 pm,10.124.7.70,,NORMAL,0.00
14/2/2026, 2:21:19 pm,10.124.7.70,,NORMAL,0.00
14/2/2026, 2:21:19 pm,10.124.7.70,,NORMAL,0.00
14/2/2026, 2:21:19 pm,10.124.0.106,,NORMAL,0.00
14/2/2026, 2:21:19 pm,8.8.8.8,,NORMAL,0.00
14/2/2026, 2:21:19 pm,10.124.5.55,,NORMAL,0.00
14/2/2026, 2:21:19 pm,8.8.4.4,,NORMAL,0.00
14/2/2026, 2:21:20 pm,10.124.7.70,,NORMAL,0.00
14/2/2026, 2:21:20 pm,10.124.7.70,,NORMAL,0.00
14/2/2026, 2:21:20 pm,10.124.7.70,,NORMAL,0.00
14/2/2026, 2:21:20 pm,10.124.7.70,,NORMAL,0.00
14/2/2026, 2:21:20 pm,10.124.3.61,,NORMAL,0.00
14/2/2026, 2:21:20 pm,10.124.3.61,,NORMAL,0.00
14/2/2026, 2:21:20 pm,10.124.3.61,,NORMAL,0.00
14/2/2026, 2:21:20 pm,10.124.31.208,,NORMAL,0.00
14/2/2026, 2:21:20 pm,Unknown,,NORMAL,0.00
14/2/2026, 2:21:20 pm,10.124.9.146,,NORMAL,0.00
14/2/2026, 2:21:20 pm,10.124.9.146,,NORMAL,0.00
14/2/2026, 2:21:20 pm,10.124.7.70,,NORMAL,0.00
14/2/2026, 2:21:20 pm,10.124.9.146,,NORMAL,0.00
14/2/2026, 2:21:20 pm,10.124.9.146,,NORMAL,0.00
14/2/2026, 2:21:20 pm,10.124.7.70,,NORMAL,0.00
14/2/2026, 2:21:20 pm,10.124.2.29,,NORMAL,0.00
14/2/2026, 2:21:20 pm,10.124.11.173,,NORMAL,0.00
14/2/2026, 2:21:20 pm,10.124.7.191,,NORMAL,0.00
14/2/2026, 2:21:20 pm,10.124.8.129,,NORMAL,0.00
14/2/2026, 2:21:20 pm,10.124.23.214,,NORMAL,0.00
14/2/2026, 2:21:20 pm,10.124.23.214,,NORMAL,0.00
14/2/2026, 2:21:20 pm,10.124.23.214,,NORMAL,0.00
14/2/2026, 2:21:20 pm,10.124.26.204,,NORMAL,0.00
14/2/2026, 2:21:20 pm,10.124.9.146,,NORMAL,0.00
14/2/2026, 2:21:20 pm,10.124.9.146,,NORMAL,0.00
14/2/2026, 2:21:20 pm,10.124.7.40,,NORMAL,0.00
14/2/2026, 2:21:20 pm,10.124.7.70,,NORMAL,0.00
14/2/2026, 2:21:20 pm,10.124.7.70,,NORMAL,0.00
14/2/2026, 2:21:20 pm,10.124.31.208,,NORMAL,0.00
14/2/2026, 2:21:20 pm,10.124.7.70,,NORMAL,0.00
14/2/2026, 2:21:20 pm,10.124.7.70,,NORMAL,0.00
14/2/2026, 2:21:20 pm,10.124.7.70,,NORMAL,0.00
14/2/2026, 2:21:20 pm,10.124.7.70,,NORMAL,0.00
14/2/2026, 2:21:20 pm,Unknown,,NORMAL,0.00
14/2/2026, 2:21:20 pm,10.124.2.29,,NORMAL,0.00
14/2/2026, 2:21:20 pm,10.124.11.173,,NORMAL,0.00
14/2/2026, 2:21:20 pm,10.124.9.146,,NORMAL,0.00
14/2/2026, 2:21:20 pm,10.124.9.146,,NORMAL,0.00
14/2/2026, 2:21:20 pm,10.124.5.188,,NORMAL,0.00
14/2/2026, 2:21:20 pm,10.124.5.188,,NORMAL,0.00
14/2/2026, 2:21:20 pm,10.124.7.70,,NORMAL,0.00
14/2/2026, 2:21:20 pm,10.124.7.70,,NORMAL,0.00
14/2/2026, 2:21:20 pm,10.124.7.70,,NORMAL,0.00
14/2/2026, 2:21:20 pm,10.124.7.70,,NORMAL,0.00
14/2/2026, 2:21:20 pm,10.124.7.70,,NORMAL,0.00
14/2/2026, 2:21:20 pm,10.124.31.208,,NORMAL,0.00
14/2/2026, 2:21:20 pm,Unknown,,NORMAL,0.00
14/2/2026, 2:21:20 pm,10.124.26.204,,NORMAL,0.00
14/2/2026, 2:21:20 pm,10.124.10.119,,NORMAL,0.00
14/2/2026, 2:21:20 pm,10.124.10.119,,NORMAL,0.00
14/2/2026, 2:21:20 pm,10.124.7.70,,NORMAL,0.00
14/2/2026, 2:21:20 pm,10.124.12.98,,NORMAL,0.00
14/2/2026, 2:21:20 pm,10.124.3.61,,NORMAL,0.00
14/2/2026, 2:21:20 pm,10.124.7.40,,NORMAL,0.00
14/2/2026, 2:21:21 pm,10.124.26.204,,NORMAL,0.00
14/2/2026, 2:21:21 pm,10.124.2.29,,NORMAL,0.00
14/2/2026, 2:21:21 pm,10.124.11.173,,NORMAL,0.00
14/2/2026, 2:21:21 pm,10.124.7.70,,NORMAL,0.00
14/2/2026, 2:21:21 pm,10.124.8.63,,NORMAL,0.00
14/2/2026, 2:21:21 pm,10.124.7.70,,NORMAL,0.00
14/2/2026, 2:21:21 pm,10.124.7.60,,NORMAL,0.00
14/2/2026, 2:21:21 pm,10.124.7.60,,NORMAL,0.00
14/2/2026, 2:21:21 pm,10.124.7.70,,NORMAL,0.00
14/2/2026, 2:21:21 pm,10.124.2.225,,NORMAL,0.00
14/2/2026, 2:21:21 pm,10.124.9.15,,NORMAL,0.00
14/2/2026, 2:21:21 pm,10.124.2.29,,NORMAL,0.00
14/2/2026, 2:21:21 pm,10.124.7.70,,NORMAL,0.00
14/2/2026, 2:21:21 pm,10.124.26.204,,NORMAL,0.00
14/2/2026, 2:21:21 pm,10.124.23.214,,NORMAL,0.00
14/2/2026, 2:21:21 pm,10.124.7.67,,NORMAL,0.00
14/2/2026, 2:21:21 pm,10.124.7.191,,NORMAL,0.00
14/2/2026, 2:21:21 pm,10.124.2.225,,NORMAL,0.00
14/2/2026, 2:21:21 pm,10.124.3.146,,NORMAL,0.00
14/2/2026, 2:21:21 pm,10.124.2.38,,NORMAL,0.00
14/2/2026, 2:21:21 pm,10.124.7.70,,NORMAL,0.00
14/2/2026, 2:21:21 pm,10.124.2.29,,NORMAL,0.00
14/2/2026, 2:21:21 pm,10.124.10.101,,NORMAL,0.00
14/2/2026, 2:21:21 pm,10.124.10.101,,NORMAL,0.00
14/2/2026, 2:21:21 pm,10.124.8.230,,NORMAL,0.00
14/2/2026, 2:21:21 pm,10.124.26.204,,NORMAL,0.00
14/2/2026, 2:21:21 pm,10.124.2.225,,NORMAL,0.00
14/2/2026, 2:21:21 pm,10.124.5.89,,NORMAL,0.00
14/2/2026, 2:21:21 pm,10.124.10.2,,NORMAL,0.00
14/2/2026, 2:21:21 pm,10.124.10.2,,NORMAL,0.00
14/2/2026, 2:21:21 pm,10.124.10.2,,NORMAL,0.00
14/2/2026, 2:21:22 pm,10.124.7.70,,NORMAL,0.00
14/2/2026, 2:21:22 pm,10.124.7.60,,NORMAL,0.00
14/2/2026, 2:21:22 pm,10.124.3.61,,NORMAL,0.00
14/2/2026, 2:21:22 pm,10.124.10.101,,NORMAL,0.00
14/2/2026, 2:21:22 pm,10.124.10.101,,NORMAL,0.00
14/2/2026, 2:21:22 pm,10.124.5.89,,NORMAL,0.00
14/2/2026, 2:21:22 pm,10.124.29.205,,NORMAL,0.00
14/2/2026, 2:21:22 pm,10.124.10.2,,NORMAL,0.00
14/2/2026, 2:21:23 pm,10.124.9.55,,NORMAL,0.00
14/2/2026, 2:21:23 pm,10.124.8.63,,NORMAL,0.00
14/2/2026, 2:21:23 pm,10.124.9.55,,NORMAL,0.00
14/2/2026, 2:21:23 pm,10.124.9.55,,NORMAL,0.00
14/2/2026, 2:21:23 pm,10.124.7.60,,NORMAL,0.00
14/2/2026, 2:21:23 pm,10.124.7.70,,NORMAL,0.00
14/2/2026, 2:21:23 pm,10.124.7.70,,NORMAL,0.00
14/2/2026, 2:21:23 pm,10.124.7.191,,NORMAL,0.00
14/2/2026, 2:21:23 pm,10.124.21.24,,NORMAL,0.00
14/2/2026, 2:21:23 pm,10.124.21.24,,NORMAL,0.00
14/2/2026, 2:21:23 pm,10.124.21.24,,NORMAL,0.00
14/2/2026, 2:21:23 pm,10.124.7.188,,NORMAL,0.00
14/2/2026, 2:21:23 pm,10.124.7.188,,NORMAL,0.00
14/2/2026, 2:21:23 pm,10.124.7.188,,NORMAL,0.00
14/2/2026, 2:21:23 pm,10.124.7.188,,NORMAL,0.00
14/2/2026, 2:21:23 pm,10.124.7.188,,NORMAL,0.00
14/2/2026, 2:21:23 pm,10.124.2.38,,NORMAL,0.00
14/2/2026, 2:21:23 pm,10.124.31.0,,NORMAL,0.00
14/2/2026, 2:21:24 pm,10.124.5.196,,NORMAL,0.00
14/2/2026, 2:21:24 pm,10.124.10.2,,NORMAL,0.00
14/2/2026, 2:21:24 pm,10.124.9.55,,NORMAL,0.00
14/2/2026, 2:21:24 pm,10.124.2.29,,NORMAL,0.00
14/2/2026, 2:21:24 pm,10.124.7.70,,NORMAL,0.00
14/2/2026, 2:21:24 pm,10.124.8.249,,NORMAL,0.00
14/2/2026, 2:21:24 pm,10.124.23.113,,NORMAL,0.00
14/2/2026, 2:21:24 pm,10.124.26.204,,NORMAL,0.00
14/2/2026, 2:21:24 pm,10.124.21.24,,NORMAL,0.00
14/2/2026, 2:21:24 pm,10.124.23.113,,NORMAL,0.00
14/2/2026, 2:21:24 pm,10.124.2.29,,NORMAL,0.00
14/2/2026, 2:21:24 pm,10.124.10.101,,NORMAL,0.00
14/2/2026, 2:21:24 pm,10.124.10.101,,NORMAL,0.00
14/2/2026, 2:21:24 pm,10.124.26.204,,NORMAL,0.00
14/2/2026, 2:21:24 pm,10.124.5.89,,NORMAL,0.00
14/2/2026, 2:21:24 pm,10.124.23.113,,NORMAL,0.00
14/2/2026, 2:21:24 pm,10.124.13.80,,NORMAL,0.00
14/2/2026, 2:21:24 pm,10.124.7.70,,NORMAL,0.00
14/2/2026, 2:21:25 pm,10.124.5.147,,NORMAL,0.00
14/2/2026, 2:21:25 pm,10.124.5.147,,NORMAL,0.00
14/2/2026, 2:21:25 pm,10.124.8.63,,NORMAL,0.00
14/2/2026, 2:21:25 pm,10.124.7.29,,NORMAL,0.00
14/2/2026, 2:21:25 pm,10.124.9.55,,NORMAL,0.00
14/2/2026, 2:21:25 pm,10.124.7.70,,NORMAL,0.00
14/2/2026, 2:21:25 pm,10.124.13.80,,NORMAL,0.00
14/2/2026, 2:21:25 pm,10.124.7.70,,NORMAL,0.00
14/2/2026, 2:21:25 pm,10.124.4.123,,NORMAL,0.00
14/2/2026, 2:21:25 pm,10.124.7.70,,NORMAL,0.00
14/2/2026, 2:21:25 pm,10.124.6.232,,NORMAL,0.00
14/2/2026, 2:21:25 pm,10.124.21.24,,NORMAL,0.00
14/2/2026, 2:21:25 pm,10.124.13.80,,NORMAL,0.00
14/2/2026, 2:21:25 pm,10.124.7.70,,NORMAL,0.00
14/2/2026, 2:21:25 pm,10.124.2.234,,NORMAL,0.00
14/2/2026, 2:21:25 pm,10.124.2.38,,NORMAL,0.00
14/2/2026, 2:21:25 pm,10.124.9.104,,NORMAL,0.00
14/2/2026, 2:21:25 pm,10.124.9.104,,NORMAL,0.00
14/2/2026, 2:21:25 pm,10.124.7.70,,NORMAL,0.00
14/2/2026, 2:21:25 pm,10.124.9.104,,NORMAL,0.00
14/2/2026, 2:21:25 pm,10.124.9.104,,NORMAL,0.00
14/2/2026, 2:21:25 pm,10.124.7.70,,NORMAL,0.00
14/2/2026, 2:21:25 pm,10.124.5.147,,NORMAL,0.00
14/2/2026, 2:21:25 pm,10.124.5.147,,NORMAL,0.00
14/2/2026, 2:21:26 pm,10.124.5.188,,NORMAL,0.00
14/2/2026, 2:21:26 pm,10.124.6.114,,NORMAL,0.00
14/2/2026, 2:21:26 pm,10.124.6.114,,NORMAL,0.00
14/2/2026, 2:21:26 pm,10.124.10.165,,NORMAL,0.00
14/2/2026, 2:21:26 pm,10.124.5.188,,NORMAL,0.00
14/2/2026, 2:21:26 pm,10.124.9.55,,NORMAL,0.00
14/2/2026, 2:21:26 pm,10.124.9.55,,NORMAL,0.00
14/2/2026, 2:21:26 pm,10.124.9.55,,NORMAL,0.00
14/2/2026, 2:21:26 pm,10.124.7.70,,NORMAL,0.00
14/2/2026, 2:21:26 pm,10.124.7.70,,NORMAL,0.00
14/2/2026, 2:21:26 pm,10.124.7.70,,NORMAL,0.00
14/2/2026, 2:21:26 pm,10.124.29.237,,NORMAL,0.00
14/2/2026, 2:21:26 pm,10.124.9.104,,NORMAL,0.00
14/2/2026, 2:21:26 pm,10.124.5.188,,NORMAL,0.00
14/2/2026, 2:21:26 pm,10.124.9.104,,NORMAL,0.00
14/2/2026, 2:21:26 pm,10.124.9.104,,NORMAL,0.00
14/2/2026, 2:21:26 pm,10.124.9.104,,NORMAL,0.00
14/2/2026, 2:21:26 pm,10.124.9.146,,NORMAL,0.00
14/2/2026, 2:21:26 pm,10.124.6.114,,NORMAL,0.00
14/2/2026, 2:21:26 pm,10.124.13.36,,NORMAL,0.00
14/2/2026, 2:21:27 pm,10.124.7.70,,NORMAL,0.00
14/2/2026, 2:21:27 pm,10.124.10.2,,NORMAL,0.00
14/2/2026, 2:21:27 pm,10.124.10.2,,NORMAL,0.00
14/2/2026, 2:21:27 pm,10.124.10.2,,NORMAL,0.00
14/2/2026, 2:21:27 pm,10.124.10.2,,NORMAL,0.00
14/2/2026, 2:21:27 pm,10.124.10.2,,NORMAL,0.00
14/2/2026, 2:21:27 pm,10.124.8.63,,NORMAL,0.00
14/2/2026, 2:21:27 pm,10.124.7.70,,NORMAL,0.00
14/2/2026, 2:21:27 pm,10.124.2.38,,NORMAL,0.00
14/2/2026, 2:21:27 pm,10.124.9.146,,NORMAL,0.00
14/2/2026, 2:21:27 pm,10.124.10.2,,NORMAL,0.00
14/2/2026, 2:21:27 pm,10.124.5.147,,NORMAL,0.00
14/2/2026, 2:21:28 pm,10.124.5.147,,NORMAL,0.00
14/2/2026, 2:21:28 pm,10.124.7.70,,NORMAL,0.00
14/2/2026, 2:21:28 pm,10.124.10.2,,NORMAL,0.00
14/2/2026, 2:21:28 pm,10.124.2.139,,NORMAL,0.00
14/2/2026, 2:21:28 pm,10.124.4.58,,NORMAL,0.00
14/2/2026, 2:21:28 pm,10.124.4.58,,NORMAL,0.00
14/2/2026, 2:21:28 pm,10.124.2.3,,NORMAL,0.00
14/2/2026, 2:21:28 pm,10.124.27.226,,NORMAL,0.00
14/2/2026, 2:21:28 pm,10.124.27.226,,NORMAL,0.00
14/2/2026, 2:21:28 pm,10.124.9.104,,NORMAL,0.00
14/2/2026, 2:21:28 pm,10.124.9.104,,NORMAL,0.00
14/2/2026, 2:21:28 pm,10.124.3.186,,NORMAL,0.00
14/2/2026, 2:21:28 pm,10.124.3.186,,NORMAL,0.00
14/2/2026, 2:21:28 pm,10.124.9.104,,NORMAL,0.00
14/2/2026, 2:21:28 pm,10.124.9.104,,NORMAL,0.00
14/2/2026, 2:21:28 pm,10.124.7.70,,NORMAL,0.00
14/2/2026, 2:21:28 pm,10.124.5.188,,NORMAL,0.00
14/2/2026, 2:21:28 pm,10.124.9.146,,NORMAL,0.00
14/2/2026, 2:21:28 pm,10.124.9.146,,NORMAL,0.00
14/2/2026, 2:21:28 pm,10.124.7.70,,NORMAL,0.00
14/2/2026, 2:21:28 pm,10.124.10.2,,NORMAL,0.00
14/2/2026, 2:21:28 pm,10.124.9.84,,NORMAL,0.00
14/2/2026, 2:21:28 pm,10.124.10.2,,NORMAL,0.00
14/2/2026, 2:21:28 pm,10.124.27.226,,NORMAL,0.00
14/2/2026, 2:21:28 pm,10.124.3.248,,NORMAL,0.00
14/2/2026, 2:21:28 pm,10.124.3.248,,NORMAL,0.00
14/2/2026, 2:21:28 pm,10.124.3.248,,NORMAL,0.00
14/2/2026, 2:21:29 pm,10.124.9.146,,NORMAL,0.00
14/2/2026, 2:21:29 pm,10.124.24.8,,NORMAL,0.00
14/2/2026, 2:21:29 pm,10.124.10.2,,NORMAL,0.00
14/2/2026, 2:21:29 pm,10.124.5.110,,NORMAL,0.00
14/2/2026, 2:21:29 pm,Unknown,,NORMAL,0.00
14/2/2026, 2:21:29 pm,10.124.9.146,,NORMAL,0.00
14/2/2026, 2:21:29 pm,10.124.9.146,,NORMAL,0.00
14/2/2026, 2:21:29 pm,10.124.4.222,,NORMAL,0.00
14/2/2026, 2:21:29 pm,10.124.7.70,,NORMAL,0.00
14/2/2026, 2:21:29 pm,10.124.8.63,,NORMAL,0.00
14/2/2026, 2:21:29 pm,10.124.7.70,,NORMAL,0.00
14/2/2026, 2:21:29 pm,10.124.9.146,,NORMAL,0.00
14/2/2026, 2:21:29 pm,10.124.9.146,,NORMAL,0.00
14/2/2026, 2:21:29 pm,10.124.2.38,,NORMAL,0.00
14/2/2026, 2:21:29 pm,10.124.3.186,,NORMAL,0.00
14/2/2026, 2:21:29 pm,10.124.7.70,,NORMAL,0.00
14/2/2026, 2:21:29 pm,10.124.7.70,,NORMAL,0.00
14/2/2026, 2:21:29 pm,10.124.14.183,,NORMAL,0.00
14/2/2026, 2:21:29 pm,10.124.9.146,,NORMAL,0.00
14/2/2026, 2:21:29 pm,10.124.9.146,,NORMAL,0.00
14/2/2026, 2:21:29 pm,10.124.9.146,,NORMAL,0.00
14/2/2026, 2:21:29 pm,10.124.9.146,,NORMAL,0.00
14/2/2026, 2:21:29 pm,10.124.20.84,,NORMAL,0.00
14/2/2026, 2:21:29 pm,10.124.7.70,,NORMAL,0.00
14/2/2026, 2:21:29 pm,10.124.7.119,,NORMAL,0.00
14/2/2026, 2:21:29 pm,10.124.10.56,,NORMAL,0.00
14/2/2026, 2:21:29 pm,10.124.7.70,,NORMAL,0.00
14/2/2026, 2:21:29 pm,10.124.7.70,,NORMAL,0.00
14/2/2026, 2:21:30 pm,10.124.7.119,,NORMAL,0.00
14/2/2026, 2:21:30 pm,10.124.10.56,,NORMAL,0.00
14/2/2026, 2:21:30 pm,10.124.6.114,,NORMAL,0.00
14/2/2026, 2:21:30 pm,10.124.7.119,,NORMAL,0.00
14/2/2026, 2:21:30 pm,10.124.14.183,,NORMAL,0.00
14/2/2026, 2:21:30 pm,10.124.10.56,,NORMAL,0.00
14/2/2026, 2:21:30 pm,10.124.4.58,,NORMAL,0.00
14/2/2026, 2:21:30 pm,10.124.7.70,,NORMAL,0.00
14/2/2026, 2:21:30 pm,10.124.7.67,,NORMAL,0.00
14/2/2026, 2:21:30 pm,10.124.11.49,,NORMAL,0.00
14/2/2026, 2:21:30 pm,10.124.21.253,,NORMAL,0.00
14/2/2026, 2:21:30 pm,10.124.7.70,,NORMAL,0.00
14/2/2026, 2:21:30 pm,10.124.5.188,,NORMAL,0.00
14/2/2026, 2:21:30 pm,10.124.7.70,,NORMAL,0.00
14/2/2026, 2:21:30 pm,10.124.7.70,,NORMAL,0.00
14/2/2026, 2:21:30 pm,10.124.14.183,,NORMAL,0.00
14/2/2026, 2:21:30 pm,10.124.5.238,,NORMAL,0.00
14/2/2026, 2:21:30 pm,10.124.7.70,,NORMAL,0.00
14/2/2026, 2:21:30 pm,10.124.7.70,,NORMAL,0.00
14/2/2026, 2:21:30 pm,10.124.7.70,,NORMAL,0.00
14/2/2026, 2:21:30 pm,10.124.10.2,,NORMAL,0.00
14/2/2026, 2:21:30 pm,10.124.3.248,,NORMAL,0.00
14/2/2026, 2:21:31 pm,10.124.5.196,,NORMAL,0.00
14/2/2026, 2:21:31 pm,10.124.7.70,,NORMAL,0.00
14/2/2026, 2:21:31 pm,10.124.8.63,,NORMAL,0.00
14/2/2026, 2:21:31 pm,10.124.7.119,,NORMAL,0.00
14/2/2026, 2:21:31 pm,10.124.5.138,,NORMAL,0.00
14/2/2026, 2:21:31 pm,10.124.5.138,,NORMAL,0.00
14/2/2026, 2:21:31 pm,10.124.5.138,,NORMAL,0.00
14/2/2026, 2:21:31 pm,10.124.9.163,,NORMAL,0.00
14/2/2026, 2:21:31 pm,10.124.7.70,,NORMAL,0.00
14/2/2026, 2:21:31 pm,10.124.4.241,,NORMAL,0.00
14/2/2026, 2:21:31 pm,10.124.9.155,,NORMAL,0.00
14/2/2026, 2:21:31 pm,10.124.7.74,,NORMAL,0.00
14/2/2026, 2:21:31 pm,10.124.7.163,,NORMAL,0.00
14/2/2026, 2:21:31 pm,10.124.19.150,,NORMAL,0.00
14/2/2026, 2:21:31 pm,10.124.7.119,,NORMAL,0.00
14/2/2026, 2:21:31 pm,10.124.7.188,,NORMAL,0.00
14/2/2026, 2:21:31 pm,10.124.7.188,,NORMAL,0.00
14/2/2026, 2:21:31 pm,10.124.7.188,,NORMAL,0.00
14/2/2026, 2:21:31 pm,10.124.7.188,,NORMAL,0.00
14/2/2026, 2:21:31 pm,10.124.2.38,,NORMAL,0.00
14/2/2026, 2:21:31 pm,10.124.7.188,,NORMAL,0.00
14/2/2026, 2:21:31 pm,10.124.6.64,,NORMAL,0.00
14/2/2026, 2:21:31 pm,10.124.7.119,,NORMAL,0.00
14/2/2026, 2:21:31 pm,10.124.29.205,,NORMAL,0.00
14/2/2026, 2:21:32 pm,10.124.7.36,,NORMAL,0.00
14/2/2026, 2:21:32 pm,10.124.7.119,,NORMAL,0.00
14/2/2026, 2:21:32 pm,10.124.5.138,,NORMAL,0.00
14/2/2026, 2:21:32 pm,10.124.3.186,,NORMAL,0.00
14/2/2026, 2:21:32 pm,10.124.9.36,,NORMAL,0.00
14/2/2026, 2:21:32 pm,10.124.9.155,,NORMAL,0.00
14/2/2026, 2:21:32 pm,10.124.7.119,,NORMAL,0.00
14/2/2026, 2:21:32 pm,10.124.10.56,,NORMAL,0.00
14/2/2026, 2:21:32 pm,10.124.10.96,,NORMAL,0.00
14/2/2026, 2:21:32 pm,10.124.10.96,,NORMAL,0.00
14/2/2026, 2:21:32 pm,10.124.10.56,,NORMAL,0.00
14/2/2026, 2:21:32 pm,10.124.9.104,,NORMAL,0.00
14/2/2026, 2:21:33 pm,10.124.10.56,,NORMAL,0.00
14/2/2026, 2:21:33 pm,10.124.8.63,,NORMAL,0.00
14/2/2026, 2:21:33 pm,10.124.5.138,,NORMAL,0.00
14/2/2026, 2:21:33 pm,10.124.2.29,,NORMAL,0.00
14/2/2026, 2:21:33 pm,10.124.14.183,,NORMAL,0.00
14/2/2026, 2:21:33 pm,10.124.5.188,,NORMAL,0.00
14/2/2026, 2:21:33 pm,10.124.2.38,,NORMAL,0.00
14/2/2026, 2:21:33 pm,10.124.14.183,,NORMAL,0.00
14/2/2026, 2:21:33 pm,10.124.10.2,,NORMAL,0.00
14/2/2026, 2:21:34 pm,10.124.9.109,,NORMAL,0.00
14/2/2026, 2:21:34 pm,10.124.9.109,,NORMAL,0.00
14/2/2026, 2:21:34 pm,10.124.9.109,,NORMAL,0.00
14/2/2026, 2:21:34 pm,10.124.9.109,,NORMAL,0.00
14/2/2026, 2:21:34 pm,10.124.9.234,,NORMAL,0.00
14/2/2026, 2:21:34 pm,10.124.9.234,,NORMAL,0.00
14/2/2026, 2:21:34 pm,10.124.10.96,,NORMAL,0.00
14/2/2026, 2:21:34 pm,10.124.10.96,,NORMAL,0.00
14/2/2026, 2:21:34 pm,10.124.29.0,,NORMAL,0.00
14/2/2026, 2:21:34 pm,10.124.10.2,,NORMAL,0.00
14/2/2026, 2:21:34 pm,10.124.31.208,,NORMAL,0.00
14/2/2026, 2:21:34 pm,10.124.11.116,,NORMAL,0.00
14/2/2026, 2:21:35 pm,10.124.8.63,,NORMAL,0.00
14/2/2026, 2:21:35 pm,10.124.9.109,,NORMAL,0.00
14/2/2026, 2:21:35 pm,10.124.9.109,,NORMAL,0.00
14/2/2026, 2:21:35 pm,10.124.9.234,,NORMAL,0.00
14/2/2026, 2:21:35 pm,10.124.9.109,,NORMAL,0.00
14/2/2026, 2:21:35 pm,10.124.9.109,,NORMAL,0.00
14/2/2026, 2:21:35 pm,10.124.3.195,,NORMAL,0.00
14/2/2026, 2:21:35 pm,10.124.5.188,,NORMAL,0.00
14/2/2026, 2:21:35 pm,10.124.6.50,,NORMAL,0.00
14/2/2026, 2:21:35 pm,10.124.30.121,,NORMAL,0.00
14/2/2026, 2:21:35 pm,10.124.2.38,,NORMAL,0.00
14/2/2026, 2:21:35 pm,10.124.6.53,,NORMAL,0.00
14/2/2026, 2:21:36 pm,10.124.15.211,,NORMAL,0.00
14/2/2026, 2:21:36 pm,10.124.15.211,,NORMAL,0.00
14/2/2026, 2:21:36 pm,10.124.15.211,,NORMAL,0.00
14/2/2026, 2:21:36 pm,10.124.11.112,,NORMAL,0.00
14/2/2026, 2:21:36 pm,10.124.5.130,,NORMAL,0.00
14/2/2026, 2:21:36 pm,10.124.10.101,,NORMAL,0.00
14/2/2026, 2:21:36 pm,10.124.10.101,,NORMAL,0.00
14/2/2026, 2:21:36 pm,10.124.9.234,,NORMAL,0.00
14/2/2026, 2:21:36 pm,10.124.5.55,,NORMAL,0.00
14/2/2026, 2:21:36 pm,10.124.5.55,,NORMAL,0.00
14/2/2026, 2:21:36 pm,8.8.8.8,,NORMAL,0.00
14/2/2026, 2:21:36 pm,8.8.4.4,,NORMAL,0.00
14/2/2026, 2:21:36 pm,10.124.7.15,,NORMAL,0.00
14/2/2026, 2:21:36 pm,10.124.5.107,,NORMAL,0.00
14/2/2026, 2:21:36 pm,10.124.9.155,,NORMAL,0.00
14/2/2026, 2:21:36 pm,10.124.9.155,,NORMAL,0.00
14/2/2026, 2:21:36 pm,10.124.10.2,,NORMAL,0.00
14/2/2026, 2:21:37 pm,10.124.8.62,,NORMAL,0.00
14/2/2026, 2:21:37 pm,10.124.5.107,,NORMAL,0.00
14/2/2026, 2:21:37 pm,10.124.15.211,,NORMAL,0.00
14/2/2026, 2:21:37 pm,10.124.8.63,,NORMAL,0.00
14/2/2026, 2:21:37 pm,10.124.0.111,,NORMAL,0.00
14/2/2026, 2:21:37 pm,10.124.9.109,,NORMAL,0.00
14/2/2026, 2:21:37 pm,10.124.9.109,,NORMAL,0.00
14/2/2026, 2:21:37 pm,10.124.9.109,,NORMAL,0.00
14/2/2026, 2:21:37 pm,10.124.9.109,,NORMAL,0.00
14/2/2026, 2:21:37 pm,10.124.10.101,,NORMAL,0.00
14/2/2026, 2:21:37 pm,10.124.10.101,,NORMAL,0.00
14/2/2026, 2:21:37 pm,10.124.5.107,,NORMAL,0.00
14/2/2026, 2:21:37 pm,10.124.23.132,,NORMAL,0.00
14/2/2026, 2:21:37 pm,10.124.23.132,,NORMAL,0.00
14/2/2026, 2:21:37 pm,10.124.23.132,,NORMAL,0.00
14/2/2026, 2:21:37 pm,10.124.7.68,,NORMAL,0.00
14/2/2026, 2:21:37 pm,10.124.2.38,,NORMAL,0.00
14/2/2026, 2:21:37 pm,10.124.7.68,,NORMAL,0.00
14/2/2026, 2:21:37 pm,10.124.7.68,,NORMAL,0.00
14/2/2026, 2:21:37 pm,10.124.7.68,,NORMAL,0.00
14/2/2026, 2:21:37 pm,10.124.7.68,,NORMAL,0.00
14/2/2026, 2:21:37 pm,10.124.5.107,,NORMAL,0.00
14/2/2026, 2:21:37 pm,10.124.9.55,,NORMAL,0.00
14/2/2026, 2:21:37 pm,10.124.9.55,,NORMAL,0.00
14/2/2026, 2:21:37 pm,10.124.9.155,,NORMAL,0.00
14/2/2026, 2:21:37 pm,10.124.9.155,,NORMAL,0.00
14/2/2026, 2:21:37 pm,10.124.5.52,,NORMAL,0.00
14/2/2026, 2:21:37 pm,10.124.6.53,,NORMAL,0.00
14/2/2026, 2:21:37 pm,10.124.7.68,,NORMAL,0.00
14/2/2026, 2:21:38 pm,10.124.15.211,,NORMAL,0.00
14/2/2026, 2:21:38 pm,10.124.5.107,,NORMAL,0.00
14/2/2026, 2:21:38 pm,10.124.6.166,,NORMAL,0.00
14/2/2026, 2:21:38 pm,10.124.9.150,,NORMAL,0.00
14/2/2026, 2:21:38 pm,10.124.5.196,,NORMAL,0.00
14/2/2026, 2:21:38 pm,10.124.9.163,,NORMAL,0.00
14/2/2026, 2:21:38 pm,10.124.5.105,,NORMAL,0.00
14/2/2026, 2:21:38 pm,10.124.31.22,,NORMAL,0.00
14/2/2026, 2:21:38 pm,10.124.23.132,,NORMAL,0.00
14/2/2026, 2:21:38 pm,10.124.7.68,,NORMAL,0.00
14/2/2026, 2:21:38 pm,10.124.7.68,,NORMAL,0.00
14/2/2026, 2:21:38 pm,10.124.7.68,,NORMAL,0.00
14/2/2026, 2:21:38 pm,10.124.7.68,,NORMAL,0.00
14/2/2026, 2:21:38 pm,10.124.7.68,,NORMAL,0.00
14/2/2026, 2:21:38 pm,10.124.22.206,,NORMAL,0.00
14/2/2026, 2:21:38 pm,10.124.9.55,,NORMAL,0.00
14/2/2026, 2:21:38 pm,10.124.31.58,,NORMAL,0.00
14/2/2026, 2:21:38 pm,10.124.5.107,,NORMAL,0.00
14/2/2026, 2:21:38 pm,10.124.5.107,,NORMAL,0.00
14/2/2026, 2:21:38 pm,10.124.6.114,,NORMAL,0.00
14/2/2026, 2:21:38 pm,10.124.7.68,,NORMAL,0.00
14/2/2026, 2:21:39 pm,10.124.5.147,,NORMAL,0.00
14/2/2026, 2:21:39 pm,10.124.5.147,,NORMAL,0.00
14/2/2026, 2:21:39 pm,10.124.31.58,,NORMAL,0.00
14/2/2026, 2:21:39 pm,10.124.8.63,,NORMAL,0.00
14/2/2026, 2:21:39 pm,10.124.10.101,,NORMAL,0.00
14/2/2026, 2:21:39 pm,10.124.10.101,,NORMAL,0.00
14/2/2026, 2:21:39 pm,10.124.5.105,,NORMAL,0.00
14/2/2026, 2:21:39 pm,10.124.6.168,,NORMAL,0.00
14/2/2026, 2:21:39 pm,10.124.31.58,,NORMAL,0.00
14/2/2026, 2:21:39 pm,10.124.23.132,,NORMAL,0.00
14/2/2026, 2:21:39 pm,10.124.2.218,,NORMAL,0.00
14/2/2026, 2:21:39 pm,10.124.3.56,,NORMAL,0.00
14/2/2026, 2:21:39 pm,10.124.23.214,,NORMAL,0.00
14/2/2026, 2:21:39 pm,10.124.23.214,,NORMAL,0.00
14/2/2026, 2:21:39 pm,10.124.23.214,,NORMAL,0.00
14/2/2026, 2:21:39 pm,10.124.2.38,,NORMAL,0.00
14/2/2026, 2:21:39 pm,10.124.8.189,,NORMAL,0.00
14/2/2026, 2:21:39 pm,10.124.8.189,,NORMAL,0.00
14/2/2026, 2:21:39 pm,10.124.8.189,,NORMAL,0.00
14/2/2026, 2:21:39 pm,10.124.22.206,,NORMAL,0.00
14/2/2026, 2:21:39 pm,10.124.9.55,,NORMAL,0.00
14/2/2026, 2:21:39 pm,10.124.9.155,,NORMAL,0.00
14/2/2026, 2:21:39 pm,10.124.9.155,,NORMAL,0.00
14/2/2026, 2:21:39 pm,10.124.11.173,,NORMAL,0.00
14/2/2026, 2:21:39 pm,10.124.2.218,,NORMAL,0.00
14/2/2026, 2:21:40 pm,10.124.5.55,,NORMAL,0.00
14/2/2026, 2:21:40 pm,10.124.5.55,,NORMAL,0.00
14/2/2026, 2:21:40 pm,8.8.8.8,,NORMAL,0.00
14/2/2026, 2:21:40 pm,8.8.8.8,,NORMAL,0.00
14/2/2026, 2:21:40 pm,10.124.8.100,,NORMAL,0.00
14/2/2026, 2:21:40 pm,10.124.8.100,,NORMAL,0.00
14/2/2026, 2:21:40 pm,10.124.8.100,,NORMAL,0.00
14/2/2026, 2:21:40 pm,10.124.6.53,,NORMAL,0.00
14/2/2026, 2:21:40 pm,10.124.7.128,,NORMAL,0.00
14/2/2026, 2:21:40 pm,10.124.5.212,,NORMAL,0.00
14/2/2026, 2:21:40 pm,10.124.5.212,,NORMAL,0.00
14/2/2026, 2:21:40 pm,10.124.7.128,,NORMAL,0.00
14/2/2026, 2:21:40 pm,10.124.11.173,,NORMAL,0.00
14/2/2026, 2:21:40 pm,10.124.23.214,,NORMAL,0.00
14/2/2026, 2:21:40 pm,10.124.8.129,,NORMAL,0.00
14/2/2026, 2:21:40 pm,10.124.7.68,,NORMAL,0.00
14/2/2026, 2:21:40 pm,10.124.7.68,,NORMAL,0.00
14/2/2026, 2:21:40 pm,10.124.7.68,,NORMAL,0.00
14/2/2026, 2:21:40 pm,10.124.7.68,,NORMAL,0.00
14/2/2026, 2:21:40 pm,10.124.7.68,,NORMAL,0.00
14/2/2026, 2:21:40 pm,10.124.8.189,,NORMAL,0.00
14/2/2026, 2:21:40 pm,10.124.5.188,,NORMAL,0.00
14/2/2026, 2:21:40 pm,10.124.2.140,,NORMAL,0.00
14/2/2026, 2:21:40 pm,10.124.11.173,,NORMAL,0.00
14/2/2026, 2:21:40 pm,10.124.12.98,,NORMAL,0.00
14/2/2026, 2:21:40 pm,10.124.10.2,,NORMAL,0.00
14/2/2026, 2:21:40 pm,10.124.8.63,,NORMAL,0.00
14/2/2026, 2:21:41 pm,10.124.7.68,,NORMAL,0.00
14/2/2026, 2:21:41 pm,10.124.11.173,,NORMAL,0.00
14/2/2026, 2:21:41 pm,10.124.8.63,,NORMAL,0.00
14/2/2026, 2:21:41 pm,10.124.2.140,,NORMAL,0.00
14/2/2026, 2:21:41 pm,10.124.8.100,,NORMAL,0.00
14/2/2026, 2:21:41 pm,10.124.9.15,,NORMAL,0.00
14/2/2026, 2:21:41 pm,10.124.5.105,,NORMAL,0.00
14/2/2026, 2:21:41 pm,10.124.11.173,,NORMAL,0.00
14/2/2026, 2:21:41 pm,10.124.7.128,,NORMAL,0.00
14/2/2026, 2:21:41 pm,10.124.3.146,,NORMAL,0.00
14/2/2026, 2:21:41 pm,10.124.2.38,,NORMAL,0.00
14/2/2026, 2:21:41 pm,10.124.8.189,,NORMAL,0.00
14/2/2026, 2:21:41 pm,10.124.11.173,,NORMAL,0.00
14/2/2026, 2:21:41 pm,10.124.9.109,,NORMAL,0.00
14/2/2026, 2:21:41 pm,10.124.9.109,,NORMAL,0.00
14/2/2026, 2:21:41 pm,10.124.9.109,,NORMAL,0.00
14/2/2026, 2:21:41 pm,10.124.7.128,,NORMAL,0.00
14/2/2026, 2:21:41 pm,10.124.9.109,,NORMAL,0.00
14/2/2026, 2:21:41 pm,10.124.6.53,,NORMAL,0.00
14/2/2026, 2:21:41 pm,10.124.10.121,,NORMAL,0.00
14/2/2026, 2:21:41 pm,10.124.10.121,,NORMAL,0.00
14/2/2026, 2:21:41 pm,10.124.10.121,,NORMAL,0.00
14/2/2026, 2:21:41 pm,10.124.11.173,,NORMAL,0.00
14/2/2026, 2:21:41 pm,10.124.8.63,,NORMAL,0.00
14/2/2026, 2:21:42 pm,10.124.8.154,,NORMAL,0.00
14/2/2026, 2:21:42 pm,10.124.8.230,,NORMAL,0.00
14/2/2026, 2:21:42 pm,10.124.8.100,,NORMAL,0.00
14/2/2026, 2:21:42 pm,10.124.7.119,,NORMAL,0.00
14/2/2026, 2:21:42 pm,10.124.14.183,,NORMAL,0.00
14/2/2026, 2:21:42 pm,10.124.8.154,,NORMAL,0.00
14/2/2026, 2:21:42 pm,10.124.8.63,,NORMAL,0.00
14/2/2026, 2:21:42 pm,10.124.7.119,,NORMAL,0.00
14/2/2026, 2:21:42 pm,10.124.10.101,,NORMAL,0.00
14/2/2026, 2:21:42 pm,10.124.10.101,,NORMAL,0.00
14/2/2026, 2:21:42 pm,10.124.8.154,,NORMAL,0.00
14/2/2026, 2:21:42 pm,10.124.3.61,,NORMAL,0.00
14/2/2026, 2:21:42 pm,10.124.10.23,,NORMAL,0.00
14/2/2026, 2:21:42 pm,10.124.11.173,,NORMAL,0.00
14/2/2026, 2:21:42 pm,10.124.9.109,,NORMAL,0.00
14/2/2026, 2:21:42 pm,10.124.9.109,,NORMAL,0.00
14/2/2026, 2:21:42 pm,10.124.9.109,,NORMAL,0.00
14/2/2026, 2:21:42 pm,10.124.9.109,,NORMAL,0.00
14/2/2026, 2:21:42 pm,10.124.7.119,,NORMAL,0.00
14/2/2026, 2:21:42 pm,10.124.14.22,,NORMAL,0.00
14/2/2026, 2:21:42 pm,10.124.10.121,,NORMAL,0.00
14/2/2026, 2:21:42 pm,10.124.10.2,,NORMAL,0.00
14/2/2026, 2:21:42 pm,10.124.11.173,,NORMAL,0.00
14/2/2026, 2:21:43 pm,10.124.8.63,,NORMAL,0.00
14/2/2026, 2:21:43 pm,10.124.5.147,,NORMAL,0.00
14/2/2026, 2:21:43 pm,10.124.5.147,,NORMAL,0.00
14/2/2026, 2:21:43 pm,10.124.11.173,,NORMAL,0.00
14/2/2026, 2:21:43 pm,10.124.27.226,,NORMAL,0.00
14/2/2026, 2:21:43 pm,10.124.27.226,,NORMAL,0.00
14/2/2026, 2:21:43 pm,10.124.14.22,,NORMAL,0.00
14/2/2026, 2:21:43 pm,10.124.2.136,,NORMAL,0.00
14/2/2026, 2:21:43 pm,10.124.7.128,,NORMAL,0.00
14/2/2026, 2:21:43 pm,10.124.7.128,,NORMAL,0.00
14/2/2026, 2:21:43 pm,10.124.5.212,,NORMAL,0.00
14/2/2026, 2:21:43 pm,10.124.5.212,,NORMAL,0.00
14/2/2026, 2:21:43 pm,10.124.11.173,,NORMAL,0.00
14/2/2026, 2:21:43 pm,10.124.2.136,,NORMAL,0.00
14/2/2026, 2:21:43 pm,10.124.10.101,,NORMAL,0.00
14/2/2026, 2:21:43 pm,10.124.10.101,,NORMAL,0.00
14/2/2026, 2:21:43 pm,10.124.2.38,,NORMAL,0.00
14/2/2026, 2:21:43 pm,10.124.31.0,,NORMAL,0.00
14/2/2026, 2:21:43 pm,10.124.9.84,,NORMAL,0.00
14/2/2026, 2:21:43 pm,10.124.2.136,,NORMAL,0.00
14/2/2026, 2:21:43 pm,10.124.10.121,,NORMAL,0.00
14/2/2026, 2:21:43 pm,10.124.27.226,,NORMAL,0.00
14/2/2026, 2:21:44 pm,10.124.31.58,,NORMAL,0.00
14/2/2026, 2:21:44 pm,10.124.5.147,,NORMAL,0.00
14/2/2026, 2:21:44 pm,10.124.5.147,,NORMAL,0.00
14/2/2026, 2:21:44 pm,10.124.2.140,,NORMAL,0.00
14/2/2026, 2:21:44 pm,10.124.31.58,,NORMAL,0.00
14/2/2026, 2:21:44 pm,10.124.27.226,,NORMAL,0.00
14/2/2026, 2:21:44 pm,10.124.13.80,,NORMAL,0.00
14/2/2026, 2:21:44 pm,10.124.7.68,,NORMAL,0.00
14/2/2026, 2:21:44 pm,10.124.31.58,,NORMAL,0.00
14/2/2026, 2:21:44 pm,10.124.7.68,,NORMAL,0.00
14/2/2026, 2:21:44 pm,10.124.7.68,,NORMAL,0.00
14/2/2026, 2:21:44 pm,10.124.7.68,,NORMAL,0.00
14/2/2026, 2:21:44 pm,10.124.7.68,,NORMAL,0.00
14/2/2026, 2:21:44 pm,10.124.13.80,,NORMAL,0.00
14/2/2026, 2:21:44 pm,10.124.9.109,,NORMAL,0.00
14/2/2026, 2:21:44 pm,10.124.9.109,,NORMAL,0.00
14/2/2026, 2:21:44 pm,10.124.9.109,,NORMAL,0.00
14/2/2026, 2:21:44 pm,10.124.9.109,,NORMAL,0.00
14/2/2026, 2:21:44 pm,10.124.2.157,,NORMAL,0.00
14/2/2026, 2:21:44 pm,10.124.13.80,,NORMAL,0.00
14/2/2026, 2:21:44 pm,10.124.10.2,,NORMAL,0.00
14/2/2026, 2:21:44 pm,10.124.23.214,,NORMAL,0.00
14/2/2026, 2:21:44 pm,10.124.23.214,,NORMAL,0.00
14/2/2026, 2:21:44 pm,10.124.23.214,,NORMAL,0.00
14/2/2026, 2:21:44 pm,10.124.8.63,,NORMAL,0.00
14/2/2026, 2:21:45 pm,10.124.8.63,,NORMAL,0.00
14/2/2026, 2:21:45 pm,10.124.1.192,,NORMAL,0.00
14/2/2026, 2:21:45 pm,10.124.5.196,,NORMAL,0.00
14/2/2026, 2:21:45 pm,10.124.6.232,,NORMAL,0.00
14/2/2026, 2:21:45 pm,10.124.11.49,,NORMAL,0.00
14/2/2026, 2:21:45 pm,10.124.21.24,,NORMAL,0.00
14/2/2026, 2:21:45 pm,10.124.10.101,,NORMAL,0.00
14/2/2026, 2:21:45 pm,10.124.10.101,,NORMAL,0.00
14/2/2026, 2:21:45 pm,10.124.2.38,,NORMAL,0.00
14/2/2026, 2:21:45 pm,10.124.2.234,,NORMAL,0.00
14/2/2026, 2:21:45 pm,10.124.7.40,,NORMAL,0.00
14/2/2026, 2:21:45 pm,10.124.3.248,,NORMAL,0.00
14/2/2026, 2:21:45 pm,10.124.3.248,,NORMAL,0.00
14/2/2026, 2:21:45 pm,10.124.3.248,,NORMAL,0.00
14/2/2026, 2:21:45 pm,10.124.23.214,,NORMAL,0.00
14/2/2026, 2:21:45 pm,10.124.7.40,,NORMAL,0.00
14/2/2026, 2:21:45 pm,10.124.5.147,,NORMAL,0.00
14/2/2026, 2:21:45 pm,10.124.5.147,,NORMAL,0.00
14/2/2026, 2:21:46 pm,10.124.6.6,,NORMAL,0.00
14/2/2026, 2:21:46 pm,10.124.10.165,,NORMAL,0.00
14/2/2026, 2:21:46 pm,10.124.9.115,,NORMAL,0.00
14/2/2026, 2:21:46 pm,10.124.13.80,,NORMAL,0.00
14/2/2026, 2:21:46 pm,10.124.9.163,,NORMAL,0.00
14/2/2026, 2:21:46 pm,10.124.9.87,,NORMAL,0.00
14/2/2026, 2:21:46 pm,10.124.14.22,,NORMAL,0.00
14/2/2026, 2:21:46 pm,10.124.13.80,,NORMAL,0.00
14/2/2026, 2:21:46 pm,10.124.29.237,,NORMAL,0.00
14/2/2026, 2:21:46 pm,10.124.7.40,,NORMAL,0.00
14/2/2026, 2:21:46 pm,10.124.13.80,,NORMAL,0.00
14/2/2026, 2:21:46 pm,10.124.5.47,,NORMAL,0.00
14/2/2026, 2:21:46 pm,10.124.10.2,,NORMAL,0.00
14/2/2026, 2:21:46 pm,10.124.23.214,,NORMAL,0.00
14/2/2026, 2:21:46 pm,10.124.7.40,,NORMAL,0.00
14/2/2026, 2:21:46 pm,10.124.5.47,,NORMAL,0.00
14/2/2026, 2:21:46 pm,10.124.3.248,,NORMAL,0.00
14/2/2026, 2:21:47 pm,10.124.8.63,,NORMAL,0.00
14/2/2026, 2:21:47 pm,10.124.1.192,,NORMAL,0.00
14/2/2026, 2:21:47 pm,10.124.2.38,,NORMAL,0.00
14/2/2026, 2:21:47 pm,10.124.5.47,,NORMAL,0.00
14/2/2026, 2:21:47 pm,10.124.3.248,,NORMAL,0.00
14/2/2026, 2:21:47 pm,10.124.4.241,,NORMAL,0.00
14/2/2026, 2:21:47 pm,10.124.5.47,,NORMAL,0.00
14/2/2026, 2:21:48 pm,10.124.2.139,,NORMAL,0.00
14/2/2026, 2:21:48 pm,10.124.18.170,,NORMAL,0.00
14/2/2026, 2:21:48 pm,10.124.4.241,,NORMAL,0.00
14/2/2026, 2:21:48 pm,10.124.2.3,,NORMAL,0.00
14/2/2026, 2:21:48 pm,10.124.19.163,,NORMAL,0.00
14/2/2026, 2:21:48 pm,10.124.19.163,,NORMAL,0.00
14/2/2026, 2:21:48 pm,10.124.9.117,,NORMAL,0.00
14/2/2026, 2:21:48 pm,10.124.10.2,,NORMAL,0.00
14/2/2026, 2:21:48 pm,10.124.6.32,,NORMAL,0.00
14/2/2026, 2:21:48 pm,10.124.4.241,,NORMAL,0.00
14/2/2026, 2:21:48 pm,10.124.8.63,,NORMAL,0.00
14/2/2026, 2:21:48 pm,10.124.1.192,,NORMAL,0.00
14/2/2026, 2:21:49 pm,10.124.24.8,,NORMAL,0.00
14/2/2026, 2:21:49 pm,10.124.19.163,,NORMAL,0.00
14/2/2026, 2:21:49 pm,10.124.5.47,,NORMAL,0.00
14/2/2026, 2:21:49 pm,10.124.14.19,,NORMAL,0.00
14/2/2026, 2:21:49 pm,10.124.5.110,,NORMAL,0.00
14/2/2026, 2:21:49 pm,Unknown,,NORMAL,0.00
14/2/2026, 2:21:49 pm,10.124.4.222,,NORMAL,0.00
14/2/2026, 2:21:49 pm,10.124.4.241,,NORMAL,0.00
14/2/2026, 2:21:49 pm,10.124.7.148,,NORMAL,0.00
14/2/2026, 2:21:49 pm,10.124.19.163,,NORMAL,0.00
14/2/2026, 2:21:49 pm,10.124.0.174,,NORMAL,0.00
14/2/2026, 2:21:49 pm,10.124.2.38,,NORMAL,0.00
14/2/2026, 2:21:49 pm,10.124.7.40,,NORMAL,0.00
14/2/2026, 2:21:49 pm,10.124.3.143,,NORMAL,0.00
14/2/2026, 2:21:50 pm,10.124.7.40,,NORMAL,0.00
14/2/2026, 2:21:50 pm,10.124.5.55,,NORMAL,0.00
14/2/2026, 2:21:50 pm,10.124.5.55,,NORMAL,0.00
14/2/2026, 2:21:50 pm,8.8.8.8,,NORMAL,0.00
14/2/2026, 2:21:50 pm,10.124.5.147,,NORMAL,0.00
14/2/2026, 2:21:50 pm,10.124.5.147,,NORMAL,0.00
14/2/2026, 2:21:50 pm,8.8.4.4,,NORMAL,0.00
14/2/2026, 2:21:50 pm,10.124.31.1,,NORMAL,0.00
14/2/2026, 2:21:50 pm,10.124.6.51,,NORMAL,0.00
14/2/2026, 2:21:50 pm,10.124.0.174,,NORMAL,0.00
14/2/2026, 2:21:50 pm,10.124.4.90,,NORMAL,0.00
14/2/2026, 2:21:50 pm,10.124.4.90,,NORMAL,0.00
14/2/2026, 2:21:50 pm,10.124.5.47,,NORMAL,0.00
14/2/2026, 2:21:50 pm,10.124.5.55,,NORMAL,0.00
14/2/2026, 2:21:50 pm,10.124.5.55,,NORMAL,0.00
14/2/2026, 2:21:50 pm,10.124.10.7,,NORMAL,0.00
14/2/2026, 2:21:50 pm,10.124.4.58,,NORMAL,0.00
14/2/2026, 2:21:50 pm,8.8.8.8,,NORMAL,0.00
14/2/2026, 2:21:50 pm,8.8.8.8,,NORMAL,0.00
14/2/2026, 2:21:50 pm,10.124.31.145,,NORMAL,0.00
14/2/2026, 2:21:50 pm,10.124.31.145,,NORMAL,0.00
14/2/2026, 2:21:50 pm,10.124.31.145,,NORMAL,0.00
14/2/2026, 2:21:50 pm,10.124.10.2,,NORMAL,0.00
14/2/2026, 2:21:50 pm,10.124.5.47,,NORMAL,0.00
14/2/2026, 2:21:51 pm,10.124.8.63,,NORMAL,0.00
14/2/2026, 2:21:51 pm,10.124.31.1,,NORMAL,0.00
14/2/2026, 2:21:51 pm,10.124.5.147,,NORMAL,0.00
14/2/2026, 2:21:51 pm,10.124.5.147,,NORMAL,0.00
14/2/2026, 2:21:51 pm,10.124.10.96,,NORMAL,0.00
14/2/2026, 2:21:51 pm,10.124.10.96,,NORMAL,0.00
14/2/2026, 2:21:51 pm,10.124.4.90,,NORMAL,0.00
14/2/2026, 2:21:51 pm,10.124.6.51,,NORMAL,0.00
14/2/2026, 2:21:51 pm,10.124.7.74,,NORMAL,0.00
14/2/2026, 2:21:51 pm,10.124.4.90,,NORMAL,0.00
14/2/2026, 2:21:51 pm,10.124.19.150,,NORMAL,0.00
14/2/2026, 2:21:51 pm,10.124.5.244,,NORMAL,0.00
14/2/2026, 2:21:51 pm,10.124.2.38,,NORMAL,0.00
14/2/2026, 2:21:51 pm,10.124.31.145,,NORMAL,0.00
14/2/2026, 2:21:51 pm,10.124.4.241,,NORMAL,0.00
14/2/2026, 2:21:52 pm,10.124.7.36,,NORMAL,0.00
14/2/2026, 2:21:52 pm,10.124.10.96,,NORMAL,0.00
14/2/2026, 2:21:52 pm,10.124.10.96,,NORMAL,0.00
14/2/2026, 2:21:52 pm,10.124.4.241,,NORMAL,0.00
14/2/2026, 2:21:52 pm,10.124.26.109,,NORMAL,0.00
14/2/2026, 2:21:52 pm,10.124.5.196,,NORMAL,0.00
14/2/2026, 2:21:52 pm,10.124.7.155,,NORMAL,0.00
14/2/2026, 2:21:52 pm,10.124.7.155,,NORMAL,0.00
14/2/2026, 2:21:52 pm,10.124.5.55,,NORMAL,0.00
14/2/2026, 2:21:52 pm,8.8.8.8,,NORMAL,0.00
14/2/2026, 2:21:52 pm,10.124.8.22,,NORMAL,0.00
14/2/2026, 2:21:52 pm,10.124.8.22,,NORMAL,0.00
14/2/2026, 2:21:52 pm,10.124.8.22,,NORMAL,0.00
14/2/2026, 2:21:52 pm,10.124.7.68,,NORMAL,0.00
14/2/2026, 2:21:52 pm,10.124.7.68,,NORMAL,0.00
14/2/2026, 2:21:52 pm,10.124.7.68,,NORMAL,0.00
14/2/2026, 2:21:52 pm,10.124.7.68,,NORMAL,0.00
14/2/2026, 2:21:52 pm,10.124.7.68,,NORMAL,0.00
14/2/2026, 2:21:52 pm,10.124.7.188,,NORMAL,0.00
14/2/2026, 2:21:52 pm,10.124.31.145,,NORMAL,0.00
14/2/2026, 2:21:52 pm,10.124.10.2,,NORMAL,0.00
14/2/2026, 2:21:52 pm,10.124.8.63,,NORMAL,0.00
14/2/2026, 2:21:53 pm,10.124.5.138,,NORMAL,0.00
14/2/2026, 2:21:53 pm,10.124.2.140,,NORMAL,0.00
14/2/2026, 2:21:53 pm,10.124.26.109,,NORMAL,0.00
14/2/2026, 2:21:53 pm,10.124.31.1,,NORMAL,0.00
14/2/2026, 2:21:53 pm,10.124.6.51,,NORMAL,0.00
14/2/2026, 2:21:53 pm,10.124.9.163,,NORMAL,0.00
14/2/2026, 2:21:53 pm,10.124.6.194,,NORMAL,0.00
14/2/2026, 2:21:53 pm,10.124.6.194,,NORMAL,0.00
14/2/2026, 2:21:53 pm,10.124.0.174,,NORMAL,0.00
14/2/2026, 2:21:53 pm,10.124.8.22,,NORMAL,0.00
14/2/2026, 2:21:53 pm,10.124.2.38,,NORMAL,0.00
14/2/2026, 2:21:53 pm,10.124.7.108,,NORMAL,0.00
14/2/2026, 2:21:53 pm,10.124.7.42,,NORMAL,0.00
14/2/2026, 2:21:53 pm,10.124.7.42,,NORMAL,0.00
14/2/2026, 2:21:53 pm,10.124.7.42,,NORMAL,0.00
14/2/2026, 2:21:54 pm,10.124.7.65,,NORMAL,0.00
14/2/2026, 2:21:54 pm,10.124.7.196,,NORMAL,0.00
14/2/2026, 2:21:54 pm,10.124.6.194,,NORMAL,0.00
14/2/2026, 2:21:54 pm,10.124.6.194,,NORMAL,0.00
14/2/2026, 2:21:54 pm,10.124.6.194,,NORMAL,0.00
14/2/2026, 2:21:54 pm,10.124.6.194,,NORMAL,0.00
14/2/2026, 2:21:54 pm,10.124.8.22,,NORMAL,0.00
14/2/2026, 2:21:54 pm,10.124.29.0,,NORMAL,0.00
14/2/2026, 2:21:54 pm,10.124.7.108,,NORMAL,0.00
14/2/2026, 2:21:54 pm,10.124.10.225,,NORMAL,0.00
14/2/2026, 2:21:54 pm,10.124.10.225,,NORMAL,0.00
14/2/2026, 2:21:54 pm,10.124.7.42,,NORMAL,0.00
14/2/2026, 2:21:54 pm,10.124.6.116,,NORMAL,0.00
14/2/2026, 2:21:54 pm,10.124.10.2,,NORMAL,0.00
14/2/2026, 2:21:54 pm,10.124.11.116,,NORMAL,0.00
14/2/2026, 2:21:55 pm,10.124.8.63,,NORMAL,0.00
14/2/2026, 2:21:55 pm,10.124.7.65,,NORMAL,0.00
14/2/2026, 2:21:55 pm,10.124.7.163,,NORMAL,0.00
14/2/2026, 2:21:55 pm,10.124.3.195,,NORMAL,0.00
14/2/2026, 2:21:55 pm,10.124.6.194,,NORMAL,0.00
14/2/2026, 2:21:55 pm,10.124.6.194,,NORMAL,0.00
14/2/2026, 2:21:55 pm,10.124.30.121,,NORMAL,0.00
14/2/2026, 2:21:55 pm,10.124.10.225,,NORMAL,0.00
14/2/2026, 2:21:55 pm,10.124.14.22,,NORMAL,0.00
14/2/2026, 2:21:55 pm,10.124.2.38,,NORMAL,0.00
14/2/2026, 2:21:55 pm,10.124.7.155,,NORMAL,0.00
14/2/2026, 2:21:55 pm,10.124.7.155,,NORMAL,0.00
14/2/2026, 2:21:55 pm,10.124.10.225,,NORMAL,0.00
14/2/2026, 2:21:55 pm,10.124.7.42,,NORMAL,0.00
14/2/2026, 2:21:55 pm,10.124.5.147,,NORMAL,0.00
14/2/2026, 2:21:55 pm,10.124.5.147,,NORMAL,0.00
14/2/2026, 2:21:56 pm,10.124.5.130,,NORMAL,0.00
14/2/2026, 2:21:56 pm,10.124.11.112,,NORMAL,0.00
14/2/2026, 2:21:56 pm,10.124.9.234,,NORMAL,0.00
14/2/2026, 2:21:56 pm,10.124.6.50,,NORMAL,0.00
14/2/2026, 2:21:56 pm,10.124.21.253,,NORMAL,0.00
14/2/2026, 2:21:56 pm,10.124.6.194,,NORMAL,0.00
14/2/2026, 2:21:56 pm,10.124.6.194,,NORMAL,0.00
14/2/2026, 2:21:56 pm,10.124.6.234,,NORMAL,0.00
14/2/2026, 2:21:56 pm,10.124.10.96,,NORMAL,0.00
14/2/2026, 2:21:56 pm,10.124.10.96,,NORMAL,0.00
14/2/2026, 2:21:56 pm,10.124.7.108,,NORMAL,0.00
14/2/2026, 2:21:56 pm,10.124.7.155,,NORMAL,0.00
14/2/2026, 2:21:56 pm,10.124.7.155,,NORMAL,0.00
14/2/2026, 2:21:56 pm,10.124.10.2,,NORMAL,0.00
14/2/2026, 2:21:56 pm,10.124.8.63,,NORMAL,0.00
14/2/2026, 2:21:57 pm,10.124.0.111,,NORMAL,0.00
14/2/2026, 2:21:57 pm,10.124.5.147,,NORMAL,0.00
14/2/2026, 2:21:57 pm,10.124.5.147,,NORMAL,0.00
14/2/2026, 2:21:57 pm,10.124.0.45,,NORMAL,0.00
14/2/2026, 2:21:57 pm,10.124.10.121,,NORMAL,0.00
14/2/2026, 2:21:57 pm,10.124.0.45,,NORMAL,0.00
14/2/2026, 2:21:57 pm,10.124.10.121,,NORMAL,0.00
14/2/2026, 2:21:57 pm,10.124.10.121,,NORMAL,0.00
14/2/2026, 2:21:57 pm,10.124.6.194,,NORMAL,0.00
14/2/2026, 2:21:57 pm,10.124.6.194,,NORMAL,0.00
14/2/2026, 2:21:57 pm,10.124.9.213,,NORMAL,0.00
14/2/2026, 2:21:57 pm,10.124.7.67,,NORMAL,0.00
14/2/2026, 2:21:57 pm,10.124.7.238,,NORMAL,0.00
14/2/2026, 2:21:57 pm,10.124.2.38,,NORMAL,0.00
14/2/2026, 2:21:57 pm,10.124.10.121,,NORMAL,0.00
14/2/2026, 2:21:57 pm,10.124.10.121,,NORMAL,0.00
14/2/2026, 2:21:57 pm,10.124.10.121,,NORMAL,0.00
14/2/2026, 2:21:57 pm,10.124.10.96,,NORMAL,0.00
14/2/2026, 2:21:57 pm,10.124.10.96,,NORMAL,0.00
14/2/2026, 2:21:57 pm,10.124.9.213,,NORMAL,0.00
14/2/2026, 2:21:57 pm,10.124.5.52,,NORMAL,0.00
14/2/2026, 2:21:57 pm,10.124.0.45,,NORMAL,0.00
14/2/2026, 2:21:58 pm,10.124.9.213,,NORMAL,0.00
14/2/2026, 2:21:58 pm,10.124.0.45,,NORMAL,0.00
14/2/2026, 2:21:58 pm,10.124.31.33,,NORMAL,0.00
14/2/2026, 2:21:58 pm,10.124.31.33,,NORMAL,0.00
14/2/2026, 2:21:58 pm,10.124.6.23,,NORMAL,0.00
14/2/2026, 2:21:58 pm,10.124.10.225,,NORMAL,0.00
14/2/2026, 2:21:58 pm,10.124.7.238,,NORMAL,0.00
14/2/2026, 2:21:58 pm,10.124.10.121,,NORMAL,0.00
14/2/2026, 2:21:58 pm,10.124.9.147,,NORMAL,0.00
14/2/2026, 2:21:58 pm,10.124.7.40,,NORMAL,0.00
14/2/2026, 2:21:58 pm,10.124.9.147,,NORMAL,0.00
14/2/2026, 2:21:58 pm,10.124.10.225,,NORMAL,0.00
14/2/2026, 2:21:58 pm,10.124.9.84,,NORMAL,0.00
14/2/2026, 2:21:58 pm,10.124.10.2,,NORMAL,0.00
14/2/2026, 2:21:58 pm,10.124.7.155,,NORMAL,0.00
14/2/2026, 2:21:58 pm,10.124.7.155,,NORMAL,0.00
14/2/2026, 2:21:58 pm,10.124.5.147,,NORMAL,0.00
14/2/2026, 2:21:59 pm,10.124.8.63,,NORMAL,0.00
14/2/2026, 2:21:59 pm,10.124.5.188,,NORMAL,0.00
14/2/2026, 2:21:59 pm,10.124.5.147,,NORMAL,0.00
14/2/2026, 2:21:59 pm,10.124.5.196,,NORMAL,0.00
14/2/2026, 2:21:59 pm,10.124.9.147,,NORMAL,0.00
14/2/2026, 2:21:59 pm,10.124.6.168,,NORMAL,0.00
14/2/2026, 2:21:59 pm,10.124.5.56,,NORMAL,0.00
14/2/2026, 2:21:59 pm,10.124.9.149,,NORMAL,0.00
14/2/2026, 2:21:59 pm,10.124.3.56,,NORMAL,0.00
14/2/2026, 2:21:59 pm,10.124.5.55,,NORMAL,0.00
14/2/2026, 2:21:59 pm,10.124.5.55,,NORMAL,0.00
14/2/2026, 2:21:59 pm,8.8.8.8,,NORMAL,0.00
14/2/2026, 2:21:59 pm,8.8.8.8,,NORMAL,0.00
14/2/2026, 2:21:59 pm,10.124.2.38,,NORMAL,0.00
14/2/2026, 2:21:59 pm,10.124.10.121,,NORMAL,0.00
14/2/2026, 2:21:59 pm,10.124.5.47,,NORMAL,0.00
14/2/2026, 2:21:59 pm,10.124.9.147,,NORMAL,0.00
14/2/2026, 2:21:59 pm,10.124.10.96,,NORMAL,0.00
14/2/2026, 2:21:59 pm,10.124.10.96,,NORMAL,0.00
14/2/2026, 2:22:00 pm,10.124.9.149,,NORMAL,0.00
14/2/2026, 2:22:00 pm,10.124.8.129,,NORMAL,0.00
14/2/2026, 2:22:00 pm,10.124.11.49,,NORMAL,0.00
14/2/2026, 2:22:00 pm,10.124.7.238,,NORMAL,0.00
14/2/2026, 2:22:00 pm,10.124.10.2,,NORMAL,0.00
14/2/2026, 2:22:00 pm,10.124.5.55,,NORMAL,0.00
14/2/2026, 2:22:00 pm,8.8.8.8,,NORMAL,0.00
14/2/2026, 2:22:00 pm,10.124.12.98,,NORMAL,0.00
14/2/2026, 2:22:00 pm,10.124.0.45,,NORMAL,0.00
14/2/2026, 2:22:00 pm,10.124.4.241,,NORMAL,0.00
14/2/2026, 2:22:00 pm,10.124.5.188,,NORMAL,0.00
14/2/2026, 2:22:00 pm,10.124.8.63,,NORMAL,0.00
14/2/2026, 2:22:01 pm,10.124.0.45,,NORMAL,0.00
14/2/2026, 2:22:01 pm,10.124.9.15,,NORMAL,0.00
14/2/2026, 2:22:01 pm,10.124.9.163,,NORMAL,0.00
14/2/2026, 2:22:01 pm,10.124.5.231,,NORMAL,0.00
14/2/2026, 2:22:01 pm,10.124.5.231,,NORMAL,0.00
14/2/2026, 2:22:01 pm,10.124.3.146,,NORMAL,0.00
14/2/2026, 2:22:01 pm,10.124.7.70,,NORMAL,0.00
14/2/2026, 2:22:01 pm,10.124.8.189,,NORMAL,0.00
14/2/2026, 2:22:01 pm,10.124.7.70,,NORMAL,0.00
14/2/2026, 2:22:01 pm,10.124.7.70,,NORMAL,0.00
14/2/2026, 2:22:02 pm,10.124.5.55,,NORMAL,0.00
14/2/2026, 2:22:02 pm,10.124.5.55,,NORMAL,0.00
14/2/2026, 2:22:02 pm,10.124.5.231,,NORMAL,0.00
14/2/2026, 2:22:02 pm,10.124.8.230,,NORMAL,0.00
14/2/2026, 2:22:02 pm,10.124.8.185,,NORMAL,0.00
14/2/2026, 2:22:02 pm,8.8.4.4,,NORMAL,0.00
14/2/2026, 2:22:02 pm,8.8.8.8,,NORMAL,0.00
14/2/2026, 2:22:02 pm,10.124.8.100,,NORMAL,0.00
14/2/2026, 2:22:02 pm,10.124.6.45,,NORMAL,0.00
14/2/2026, 2:22:02 pm,10.124.9.201,,NORMAL,0.00
14/2/2026, 2:22:02 pm,10.124.7.70,,NORMAL,0.00
14/2/2026, 2:22:02 pm,10.124.5.231,,NORMAL,0.00
14/2/2026, 2:22:02 pm,10.124.1.192,,NORMAL,0.00
14/2/2026, 2:22:02 pm,10.124.0.174,,NORMAL,0.00
14/2/2026, 2:22:02 pm,10.124.9.149,,NORMAL,0.00
14/2/2026, 2:22:02 pm,10.124.9.201,,NORMAL,0.00
14/2/2026, 2:22:02 pm,10.124.7.70,,NORMAL,0.00
14/2/2026, 2:22:02 pm,10.124.7.70,,NORMAL,0.00
14/2/2026, 2:22:02 pm,10.124.10.2,,NORMAL,0.00
14/2/2026, 2:22:03 pm,10.124.7.70,,NORMAL,0.00
14/2/2026, 2:22:03 pm,10.124.8.63,,NORMAL,0.00
14/2/2026, 2:22:03 pm,10.124.5.188,,NORMAL,0.00
14/2/2026, 2:22:03 pm,10.124.9.201,,NORMAL,0.00
14/2/2026, 2:22:03 pm,10.124.0.45,,NORMAL,0.00
14/2/2026, 2:22:03 pm,10.124.6.114,,NORMAL,0.00
14/2/2026, 2:22:03 pm,10.124.6.114,,NORMAL,0.00
14/2/2026, 2:22:03 pm,10.124.7.70,,NORMAL,0.00
14/2/2026, 2:22:03 pm,10.124.7.70,,NORMAL,0.00
14/2/2026, 2:22:03 pm,10.124.7.70,,NORMAL,0.00
14/2/2026, 2:22:03 pm,10.124.7.70,,NORMAL,0.00
14/2/2026, 2:22:03 pm,10.124.31.0,,NORMAL,0.00
14/2/2026, 2:22:03 pm,10.124.9.201,,NORMAL,0.00
14/2/2026, 2:22:03 pm,10.124.7.70,,NORMAL,0.00
14/2/2026, 2:22:03 pm,10.124.7.70,,NORMAL,0.00
14/2/2026, 2:22:03 pm,10.124.7.70,,NORMAL,0.00
14/2/2026, 2:22:03 pm,10.124.2.211,,NORMAL,0.00
14/2/2026, 2:22:03 pm,10.124.7.70,,NORMAL,0.00
14/2/2026, 2:22:03 pm,10.124.7.70,,NORMAL,0.00
14/2/2026, 2:22:03 pm,10.124.7.70,,NORMAL,0.00
14/2/2026, 2:22:03 pm,10.124.7.70,,NORMAL,0.00
14/2/2026, 2:22:03 pm,10.124.7.70,,NORMAL,0.00
14/2/2026, 2:22:03 pm,10.124.0.45,,NORMAL,0.00
14/2/2026, 2:22:03 pm,10.124.2.211,,NORMAL,0.00
14/2/2026, 2:22:04 pm,10.124.7.70,,NORMAL,0.00
14/2/2026, 2:22:04 pm,10.124.7.70,,NORMAL,0.00
14/2/2026, 2:22:04 pm,10.124.25.85,,NORMAL,0.00
14/2/2026, 2:22:04 pm,10.124.25.85,,NORMAL,0.00
14/2/2026, 2:22:04 pm,10.124.6.114,,NORMAL,0.00
14/2/2026, 2:22:04 pm,10.124.10.96,,NORMAL,0.00
14/2/2026, 2:22:04 pm,10.124.10.96,,NORMAL,0.00
14/2/2026, 2:22:04 pm,10.124.2.211,,NORMAL,0.00
14/2/2026, 2:22:04 pm,10.124.6.114,,NORMAL,0.00
14/2/2026, 2:22:04 pm,10.124.7.70,,NORMAL,0.00
14/2/2026, 2:22:04 pm,10.124.2.211,,NORMAL,0.00
14/2/2026, 2:22:04 pm,10.124.0.62,,NORMAL,0.00
14/2/2026, 2:22:04 pm,10.124.0.62,,NORMAL,0.00
14/2/2026, 2:22:04 pm,10.124.0.62,,NORMAL,0.00
14/2/2026, 2:22:04 pm,10.124.10.2,,NORMAL,0.00
14/2/2026, 2:22:04 pm,10.124.7.70,,NORMAL,0.00
14/2/2026, 2:22:04 pm,10.124.7.70,,NORMAL,0.00
14/2/2026, 2:22:04 pm,10.124.25.85,,NORMAL,0.00
14/2/2026, 2:22:04 pm,10.124.25.85,,NORMAL,0.00
14/2/2026, 2:22:04 pm,10.124.5.188,,NORMAL,0.00
14/2/2026, 2:22:04 pm,10.124.8.63,,NORMAL,0.00
14/2/2026, 2:22:05 pm,10.124.5.231,,NORMAL,0.00
14/2/2026, 2:22:05 pm,10.124.7.70,,NORMAL,0.00
14/2/2026, 2:22:05 pm,10.124.7.70,,NORMAL,0.00
14/2/2026, 2:22:05 pm,10.124.10.96,,NORMAL,0.00
14/2/2026, 2:22:05 pm,10.124.10.96,,NORMAL,0.00
14/2/2026, 2:22:05 pm,10.124.7.70,,NORMAL,0.00
14/2/2026, 2:22:05 pm,10.124.8.110,,NORMAL,0.00
14/2/2026, 2:22:05 pm,10.124.5.231,,NORMAL,0.00
14/2/2026, 2:22:05 pm,10.124.6.232,,NORMAL,0.00
14/2/2026, 2:22:05 pm,10.124.7.70,,NORMAL,0.00
14/2/2026, 2:22:05 pm,10.124.21.24,,NORMAL,0.00
14/2/2026, 2:22:05 pm,10.124.26.204,,NORMAL,0.00
14/2/2026, 2:22:05 pm,10.124.0.62,,NORMAL,0.00
14/2/2026, 2:22:05 pm,10.124.7.70,,NORMAL,0.00
14/2/2026, 2:22:06 pm,10.124.7.70,,NORMAL,0.00
14/2/2026, 2:22:06 pm,10.124.7.70,,NORMAL,0.00
14/2/2026, 2:22:06 pm,10.124.26.204,,NORMAL,0.00
14/2/2026, 2:22:06 pm,10.124.5.55,,NORMAL,0.00
14/2/2026, 2:22:06 pm,10.124.5.55,,NORMAL,0.00
14/2/2026, 2:22:06 pm,10.124.7.70,,NORMAL,0.00
14/2/2026, 2:22:06 pm,10.124.10.165,,NORMAL,0.00
14/2/2026, 2:22:06 pm,8.8.8.8,,NORMAL,0.00
14/2/2026, 2:22:06 pm,8.8.8.8,,NORMAL,0.00
14/2/2026, 2:22:06 pm,10.124.7.70,,NORMAL,0.00
14/2/2026, 2:22:06 pm,10.124.9.201,,NORMAL,0.00
14/2/2026, 2:22:06 pm,10.124.5.196,,NORMAL,0.00
14/2/2026, 2:22:06 pm,10.124.9.213,,NORMAL,0.00
14/2/2026, 2:22:06 pm,10.124.29.237,,NORMAL,0.00
14/2/2026, 2:22:06 pm,10.124.7.70,,NORMAL,0.00
14/2/2026, 2:22:06 pm,10.124.8.193,,NORMAL,0.00
14/2/2026, 2:22:06 pm,10.124.2.234,,NORMAL,0.00
14/2/2026, 2:22:06 pm,10.124.9.201,,NORMAL,0.00
14/2/2026, 2:22:06 pm,10.124.26.204,,NORMAL,0.00
14/2/2026, 2:22:06 pm,10.124.9.213,,NORMAL,0.00
14/2/2026, 2:22:06 pm,10.124.0.62,,NORMAL,0.00
14/2/2026, 2:22:06 pm,10.124.7.70,,NORMAL,0.00
14/2/2026, 2:22:06 pm,10.124.10.2,,NORMAL,0.00
14/2/2026, 2:22:07 pm,10.124.7.70,,NORMAL,0.00
14/2/2026, 2:22:07 pm,10.124.7.70,,NORMAL,0.00
14/2/2026, 2:22:07 pm,10.124.7.70,,NORMAL,0.00
14/2/2026, 2:22:07 pm,10.124.8.63,,NORMAL,0.00
14/2/2026, 2:22:07 pm,10.124.26.204,,NORMAL,0.00
14/2/2026, 2:22:07 pm,10.124.7.70,,NORMAL,0.00
14/2/2026, 2:22:07 pm,10.124.5.188,,NORMAL,0.00
14/2/2026, 2:22:07 pm,10.124.6.114,,NORMAL,0.00
14/2/2026, 2:22:07 pm,10.124.6.114,,NORMAL,0.00
14/2/2026, 2:22:07 pm,10.124.9.213,,NORMAL,0.00
14/2/2026, 2:22:07 pm,10.124.10.96,,NORMAL,0.00
14/2/2026, 2:22:07 pm,10.124.10.96,,NORMAL,0.00
14/2/2026, 2:22:07 pm,10.124.7.68,,NORMAL,0.00
14/2/2026, 2:22:07 pm,10.124.7.68,,NORMAL,0.00
14/2/2026, 2:22:07 pm,10.124.7.70,,NORMAL,0.00
14/2/2026, 2:22:07 pm,10.124.2.211,,NORMAL,0.00
14/2/2026, 2:22:07 pm,10.124.7.70,,NORMAL,0.00
14/2/2026, 2:22:07 pm,10.124.2.211,,NORMAL,0.00
14/2/2026, 2:22:07 pm,10.124.7.89,,NORMAL,0.00
14/2/2026, 2:22:07 pm,10.124.6.114,,NORMAL,0.00
14/2/2026, 2:22:07 pm,10.124.7.70,,NORMAL,0.00
14/2/2026, 2:22:08 pm,10.124.7.70,,NORMAL,0.00
14/2/2026, 2:22:08 pm,10.124.7.70,,NORMAL,0.00
14/2/2026, 2:22:08 pm,10.124.7.70,,NORMAL,0.00
14/2/2026, 2:22:08 pm,10.124.2.139,,NORMAL,0.00
14/2/2026, 2:22:08 pm,10.124.6.114,,NORMAL,0.00
14/2/2026, 2:22:08 pm,10.124.18.170,,NORMAL,0.00
14/2/2026, 2:22:08 pm,10.124.9.163,,NORMAL,0.00
14/2/2026, 2:22:08 pm,10.124.2.3,,NORMAL,0.00
14/2/2026, 2:22:08 pm,10.124.8.171,,NORMAL,0.00
14/2/2026, 2:22:08 pm,10.124.7.68,,NORMAL,0.00
14/2/2026, 2:22:08 pm,10.124.7.68,,NORMAL,0.00
14/2/2026, 2:22:08 pm,10.124.25.85,,NORMAL,0.00
14/2/2026, 2:22:08 pm,10.124.25.85,,NORMAL,0.00
14/2/2026, 2:22:08 pm,10.124.8.171,,NORMAL,0.00
14/2/2026, 2:22:08 pm,10.124.5.188,,NORMAL,0.00
14/2/2026, 2:22:08 pm,10.124.8.171,,NORMAL,0.00
14/2/2026, 2:22:08 pm,10.124.26.151,,NORMAL,0.00
14/2/2026, 2:22:08 pm,10.124.10.2,,NORMAL,0.00
14/2/2026, 2:22:08 pm,10.124.26.151,,NORMAL,0.00
14/2/2026, 2:22:08 pm,10.124.0.111,,NORMAL,0.00
14/2/2026, 2:22:08 pm,10.124.0.111,,NORMAL,0.00
14/2/2026, 2:22:08 pm,10.124.26.151,,NORMAL,0.00
14/2/2026, 2:22:08 pm,10.124.0.111,,NORMAL,0.00
14/2/2026, 2:22:09 pm,10.124.8.63,,NORMAL,0.00
14/2/2026, 2:22:09 pm,10.124.24.8,,NORMAL,0.00
14/2/2026, 2:22:09 pm,10.124.7.70,,NORMAL,0.00
14/2/2026, 2:22:09 pm,10.124.7.70,,NORMAL,0.00
14/2/2026, 2:22:09 pm,10.124.7.70,,NORMAL,0.00
14/2/2026, 2:22:09 pm,10.124.5.110,,NORMAL,0.00
14/2/2026, 2:22:09 pm,Unknown,,NORMAL,0.00
14/2/2026, 2:22:09 pm,10.124.4.222,,NORMAL,0.00
14/2/2026, 2:22:09 pm,10.124.7.70,,NORMAL,0.00
14/2/2026, 2:22:09 pm,10.124.5.56,,NORMAL,0.00
14/2/2026, 2:22:09 pm,10.124.5.56,,NORMAL,0.00
14/2/2026, 2:22:09 pm,10.124.2.55,,NORMAL,0.00
14/2/2026, 2:22:09 pm,10.124.7.148,,NORMAL,0.00
14/2/2026, 2:22:09 pm,10.124.7.70,,NORMAL,0.00
14/2/2026, 2:22:09 pm,10.124.7.70,,NORMAL,0.00
14/2/2026, 2:22:09 pm,10.124.7.70,,NORMAL,0.00
14/2/2026, 2:22:09 pm,10.124.14.183,,NORMAL,0.00
14/2/2026, 2:22:09 pm,10.124.2.55,,NORMAL,0.00
14/2/2026, 2:22:09 pm,10.124.8.92,,NORMAL,0.00
14/2/2026, 2:22:09 pm,10.124.22.206,,NORMAL,0.00
14/2/2026, 2:22:09 pm,10.124.0.111,,NORMAL,0.00
14/2/2026, 2:22:09 pm,10.124.26.151,,NORMAL,0.00
14/2/2026, 2:22:09 pm,10.124.8.92,,NORMAL,0.00
14/2/2026, 2:22:09 pm,10.124.0.45,,NORMAL,0.00
14/2/2026, 2:22:09 pm,10.124.26.204,,NORMAL,0.00
14/2/2026, 2:22:10 pm,10.124.7.70,,NORMAL,0.00
14/2/2026, 2:22:10 pm,10.124.7.70,,NORMAL,0.00
14/2/2026, 2:22:10 pm,10.124.7.70,,NORMAL,0.00
14/2/2026, 2:22:10 pm,10.124.7.70,,NORMAL,0.00
14/2/2026, 2:22:10 pm,10.124.26.204,,NORMAL,0.00
14/2/2026, 2:22:10 pm,10.124.7.70,,NORMAL,0.00
14/2/2026, 2:22:10 pm,10.124.7.70,,NORMAL,0.00
14/2/2026, 2:22:10 pm,10.124.2.55,,NORMAL,0.00
14/2/2026, 2:22:10 pm,10.124.0.16,,NORMAL,0.00
14/2/2026, 2:22:10 pm,10.124.0.16,,NORMAL,0.00
14/2/2026, 2:22:10 pm,10.124.7.70,,NORMAL,0.00
14/2/2026, 2:22:10 pm,10.124.7.70,,NORMAL,0.00
14/2/2026, 2:22:10 pm,10.124.7.70,,NORMAL,0.00
14/2/2026, 2:22:10 pm,10.124.7.68,,NORMAL,0.00
14/2/2026, 2:22:10 pm,10.124.7.68,,NORMAL,0.00
14/2/2026, 2:22:10 pm,10.124.5.147,,NORMAL,0.00
14/2/2026, 2:22:10 pm,10.124.5.147,,NORMAL,0.00
14/2/2026, 2:22:10 pm,10.124.7.70,,NORMAL,0.00
14/2/2026, 2:22:10 pm,10.124.7.70,,NORMAL,0.00
14/2/2026, 2:22:10 pm,10.124.7.70,,NORMAL,0.00
14/2/2026, 2:22:10 pm,10.124.2.55,,NORMAL,0.00
14/2/2026, 2:22:10 pm,10.124.7.70,,NORMAL,0.00
14/2/2026, 2:22:10 pm,10.124.26.204,,NORMAL,0.00
14/2/2026, 2:22:10 pm,10.124.4.131,,NORMAL,0.00
14/2/2026, 2:22:10 pm,10.124.8.92,,NORMAL,0.00
14/2/2026, 2:22:10 pm,10.124.0.16,,NORMAL,0.00
14/2/2026, 2:22:10 pm,10.124.22.206,,NORMAL,0.00
14/2/2026, 2:22:10 pm,10.124.26.204,,NORMAL,0.00
14/2/2026, 2:22:10 pm,10.124.0.111,,NORMAL,0.00
14/2/2026, 2:22:10 pm,10.124.4.131,,NORMAL,0.00
14/2/2026, 2:22:10 pm,10.124.0.16,,NORMAL,0.00
14/2/2026, 2:22:10 pm,10.124.7.70,,NORMAL,0.00
14/2/2026, 2:22:10 pm,10.124.7.70,,NORMAL,0.00
14/2/2026, 2:22:10 pm,10.124.7.70,,NORMAL,0.00
14/2/2026, 2:22:10 pm,10.124.7.70,,NORMAL,0.00
14/2/2026, 2:22:10 pm,10.124.3.143,,NORMAL,0.00
14/2/2026, 2:22:10 pm,10.124.10.2,,NORMAL,0.00
14/2/2026, 2:22:10 pm,10.124.26.151,,NORMAL,0.00
14/2/2026, 2:22:10 pm,10.124.4.131,,NORMAL,0.00
14/2/2026, 2:22:10 pm,10.124.8.92,,NORMAL,0.00
14/2/2026, 2:22:11 pm,10.124.7.70,,NORMAL,0.00
14/2/2026, 2:22:11 pm,10.124.8.63,,NORMAL,0.00
14/2/2026, 2:22:11 pm,10.124.27.226,,NORMAL,0.00
14/2/2026, 2:22:11 pm,10.124.4.131,,NORMAL,0.00
14/2/2026, 2:22:11 pm,10.124.7.70,,NORMAL,0.00
14/2/2026, 2:22:11 pm,10.124.7.70,,NORMAL,0.00
14/2/2026, 2:22:11 pm,10.124.7.70,,NORMAL,0.00
14/2/2026, 2:22:11 pm,10.124.26.204,,NORMAL,0.00
14/2/2026, 2:22:11 pm,10.124.27.226,,NORMAL,0.00
14/2/2026, 2:22:11 pm,10.124.0.16,,NORMAL,0.00
14/2/2026, 2:22:11 pm,10.124.4.131,,NORMAL,0.00
14/2/2026, 2:22:11 pm,10.124.7.70,,NORMAL,0.00
14/2/2026, 2:22:11 pm,10.124.7.74,,NORMAL,0.00
14/2/2026, 2:22:11 pm,10.124.19.150,,NORMAL,0.00
14/2/2026, 2:22:11 pm,10.124.7.70,,NORMAL,0.00
14/2/2026, 2:22:11 pm,10.124.6.64,,NORMAL,0.00
14/2/2026, 2:22:11 pm,10.124.6.64,,NORMAL,0.00
14/2/2026, 2:22:11 pm,10.124.6.64,,NORMAL,0.00
14/2/2026, 2:22:11 pm,10.124.10.225,,NORMAL,0.00
14/2/2026, 2:22:11 pm,10.124.4.131,,NORMAL,0.00
14/2/2026, 2:22:11 pm,10.124.10.225,,NORMAL,0.00
14/2/2026, 2:22:11 pm,10.124.5.147,,NORMAL,0.00
14/2/2026, 2:22:11 pm,10.124.5.147,,NORMAL,0.00
14/2/2026, 2:22:11 pm,10.124.27.226,,NORMAL,0.00
14/2/2026, 2:22:11 pm,10.124.4.131,,NORMAL,0.00
14/2/2026, 2:22:12 pm,10.124.7.70,,NORMAL,0.00
14/2/2026, 2:22:12 pm,10.124.7.36,,NORMAL,0.00
14/2/2026, 2:22:12 pm,10.124.27.226,,NORMAL,0.00
14/2/2026, 2:22:12 pm,10.124.10.225,,NORMAL,0.00
14/2/2026, 2:22:12 pm,10.124.7.19,,NORMAL,0.00
14/2/2026, 2:22:12 pm,10.124.6.64,,NORMAL,0.00
14/2/2026, 2:22:12 pm,10.124.10.225,,NORMAL,0.00
14/2/2026, 2:22:12 pm,10.124.10.2,,NORMAL,0.00
14/2/2026, 2:22:13 pm,10.124.8.63,,NORMAL,0.00
14/2/2026, 2:22:13 pm,10.124.0.111,,NORMAL,0.00
14/2/2026, 2:22:13 pm,10.124.0.111,,NORMAL,0.00
14/2/2026, 2:22:13 pm,10.124.0.111,,NORMAL,0.00
14/2/2026, 2:22:13 pm,10.124.0.111,,NORMAL,0.00
14/2/2026, 2:22:13 pm,10.124.5.188,,NORMAL,0.00
14/2/2026, 2:22:13 pm,10.124.2.55,,NORMAL,0.00
14/2/2026, 2:22:13 pm,10.124.5.138,,NORMAL,0.00
14/2/2026, 2:22:13 pm,10.124.7.19,,NORMAL,0.00
14/2/2026, 2:22:13 pm,10.124.5.196,,NORMAL,0.00
14/2/2026, 2:22:13 pm,10.124.2.55,,NORMAL,0.00
14/2/2026, 2:22:13 pm,10.124.27.110,,NORMAL,0.00
14/2/2026, 2:22:13 pm,10.124.8.92,,NORMAL,0.00
14/2/2026, 2:22:13 pm,10.124.25.85,,NORMAL,0.00
14/2/2026, 2:22:13 pm,10.124.25.85,,NORMAL,0.00
14/2/2026, 2:22:13 pm,10.124.5.147,,NORMAL,0.00
14/2/2026, 2:22:13 pm,10.124.5.147,,NORMAL,0.00
14/2/2026, 2:22:13 pm,10.124.26.204,,NORMAL,0.00
14/2/2026, 2:22:13 pm,10.124.6.64,,NORMAL,0.00
14/2/2026, 2:22:13 pm,10.124.27.110,,NORMAL,0.00
14/2/2026, 2:22:13 pm,10.124.9.84,,NORMAL,0.00
14/2/2026, 2:22:13 pm,10.124.5.131,,NORMAL,0.00
14/2/2026, 2:22:13 pm,10.124.8.92,,NORMAL,0.00
14/2/2026, 2:22:13 pm,10.124.0.111,,NORMAL,0.00
14/2/2026, 2:22:14 pm,10.124.5.231,,NORMAL,0.00
14/2/2026, 2:22:14 pm,10.124.26.204,,NORMAL,0.00
14/2/2026, 2:22:14 pm,10.124.5.254,,NORMAL,0.00
14/2/2026, 2:22:14 pm,10.124.0.16,,NORMAL,0.00
14/2/2026, 2:22:14 pm,10.124.27.110,,NORMAL,0.00
14/2/2026, 2:22:14 pm,10.124.4.131,,NORMAL,0.00
14/2/2026, 2:22:14 pm,10.124.29.0,,NORMAL,0.00
14/2/2026, 2:22:14 pm,10.124.25.85,,NORMAL,0.00
14/2/2026, 2:22:14 pm,10.124.25.85,,NORMAL,0.00
14/2/2026, 2:22:14 pm,10.124.27.226,,NORMAL,0.00
14/2/2026, 2:22:14 pm,10.124.4.222,,NORMAL,0.00
14/2/2026, 2:22:14 pm,10.124.4.222,,NORMAL,0.00
14/2/2026, 2:22:14 pm,10.124.25.253,,NORMAL,0.00
14/2/2026, 2:22:14 pm,10.124.4.222,,NORMAL,0.00
14/2/2026, 2:22:14 pm,10.124.27.110,,NORMAL,0.00
14/2/2026, 2:22:14 pm,10.124.10.2,,NORMAL,0.00
14/2/2026, 2:22:14 pm,10.124.5.188,,NORMAL,0.00
14/2/2026, 2:22:15 pm,10.124.4.131,,NORMAL,0.00
14/2/2026, 2:22:15 pm,10.124.11.116,,NORMAL,0.00
14/2/2026, 2:22:15 pm,10.124.8.63,,NORMAL,0.00
14/2/2026, 2:22:15 pm,10.124.0.111,,NORMAL,0.00
14/2/2026, 2:22:15 pm,10.124.27.226,,NORMAL,0.00
14/2/2026, 2:22:15 pm,10.124.7.19,,NORMAL,0.00
14/2/2026, 2:22:15 pm,10.124.11.49,,NORMAL,0.00
14/2/2026, 2:22:15 pm,10.124.10.96,,NORMAL,0.00
14/2/2026, 2:22:15 pm,10.124.10.96,,NORMAL,0.00
14/2/2026, 2:22:15 pm,10.124.4.222,,NORMAL,0.00
14/2/2026, 2:22:16 pm,10.124.11.112,,NORMAL,0.00
14/2/2026, 2:22:16 pm,10.124.5.130,,NORMAL,0.00
14/2/2026, 2:22:16 pm,10.124.9.234,,NORMAL,0.00
14/2/2026, 2:22:16 pm,10.124.0.45,,NORMAL,0.00
14/2/2026, 2:22:16 pm,10.124.8.114,,NORMAL,0.00
14/2/2026, 2:22:16 pm,10.124.9.163,,NORMAL,0.00
14/2/2026, 2:22:16 pm,10.124.7.70,,NORMAL,0.00
14/2/2026, 2:22:16 pm,10.124.8.176,,NORMAL,0.00
14/2/2026, 2:22:16 pm,10.124.18.55,,NORMAL,0.00
14/2/2026, 2:22:16 pm,10.124.18.55,,NORMAL,0.00
14/2/2026, 2:22:16 pm,10.124.25.85,,NORMAL,0.00
14/2/2026, 2:22:16 pm,10.124.5.188,,NORMAL,0.00
14/2/2026, 2:22:16 pm,10.124.10.96,,NORMAL,0.00
14/2/2026, 2:22:16 pm,10.124.10.96,,NORMAL,0.00
14/2/2026, 2:22:16 pm,10.124.10.2,,NORMAL,0.00
14/2/2026, 2:22:16 pm,10.124.4.222,,NORMAL,0.00
14/2/2026, 2:22:17 pm,10.124.8.63,,NORMAL,0.00
14/2/2026, 2:22:17 pm,10.124.8.114,,NORMAL,0.00
14/2/2026, 2:22:17 pm,10.124.27.110,,NORMAL,0.00
14/2/2026, 2:22:17 pm,10.124.18.55,,NORMAL,0.00
14/2/2026, 2:22:17 pm,10.124.10.225,,NORMAL,0.00
14/2/2026, 2:22:17 pm,10.124.5.52,,NORMAL,0.00
14/2/2026, 2:22:17 pm,10.124.27.110,,NORMAL,0.00
14/2/2026, 2:22:17 pm,10.124.10.225,,NORMAL,0.00
14/2/2026, 2:22:17 pm,10.124.25.253,,NORMAL,0.00
14/2/2026, 2:22:17 pm,10.124.25.253,,NORMAL,0.00
14/2/2026, 2:22:18 pm,10.124.7.163,,NORMAL,0.00
14/2/2026, 2:22:18 pm,10.124.8.17,,NORMAL,0.00
14/2/2026, 2:22:18 pm,10.124.18.55,,NORMAL,0.00
14/2/2026, 2:22:18 pm,10.124.10.225,,NORMAL,0.00
14/2/2026, 2:22:18 pm,10.124.5.188,,NORMAL,0.00
14/2/2026, 2:22:18 pm,10.124.10.2,,NORMAL,0.00
14/2/2026, 2:22:18 pm,10.124.10.225,,NORMAL,0.00
14/2/2026, 2:22:18 pm,10.124.25.253,,NORMAL,0.00
14/2/2026, 2:22:18 pm,10.124.25.253,,NORMAL,0.00
14/2/2026, 2:22:18 pm,10.124.8.63,,NORMAL,0.00
14/2/2026, 2:22:19 pm,10.124.6.210,,NORMAL,0.00
14/2/2026, 2:22:19 pm,10.124.5.190,,NORMAL,0.00
14/2/2026, 2:22:19 pm,10.124.6.168,,NORMAL,0.00
14/2/2026, 2:22:19 pm,10.124.9.244,,NORMAL,0.00
14/2/2026, 2:22:19 pm,10.124.9.244,,NORMAL,0.00
14/2/2026, 2:22:19 pm,10.124.9.244,,NORMAL,0.00
14/2/2026, 2:22:19 pm,10.124.4.61,,NORMAL,0.00
14/2/2026, 2:22:19 pm,10.124.4.61,,NORMAL,0.00
14/2/2026, 2:22:19 pm,10.124.4.61,,NORMAL,0.00
14/2/2026, 2:22:19 pm,10.124.3.56,,NORMAL,0.00
14/2/2026, 2:22:19 pm,10.124.10.115,,NORMAL,0.00
14/2/2026, 2:22:19 pm,10.124.10.115,,NORMAL,0.00
14/2/2026, 2:22:19 pm,10.124.5.190,,NORMAL,0.00
14/2/2026, 2:22:19 pm,10.124.10.121,,NORMAL,0.00
14/2/2026, 2:22:20 pm,10.124.8.114,,NORMAL,0.00
14/2/2026, 2:22:20 pm,10.124.5.55,,NORMAL,0.00
14/2/2026, 2:22:20 pm,10.124.5.55,,NORMAL,0.00
14/2/2026, 2:22:20 pm,8.8.8.8,,NORMAL,0.00
14/2/2026, 2:22:20 pm,8.8.4.4,,NORMAL,0.00
14/2/2026, 2:22:20 pm,10.124.2.140,,NORMAL,0.00
14/2/2026, 2:22:20 pm,10.124.9.244,,NORMAL,0.00
14/2/2026, 2:22:20 pm,10.124.8.129,,NORMAL,0.00
14/2/2026, 2:22:20 pm,10.124.4.61,,NORMAL,0.00
14/2/2026, 2:22:20 pm,10.124.10.115,,NORMAL,0.00
14/2/2026, 2:22:20 pm,10.124.10.115,,NORMAL,0.00
14/2/2026, 2:22:20 pm,10.124.5.196,,NORMAL,0.00
14/2/2026, 2:22:20 pm,10.124.16.33,,NORMAL,0.00
14/2/2026, 2:22:20 pm,10.124.10.96,,NORMAL,0.00
14/2/2026, 2:22:20 pm,10.124.10.96,,NORMAL,0.00
14/2/2026, 2:22:20 pm,10.124.6.199,,NORMAL,0.00
14/2/2026, 2:22:20 pm,10.124.12.98,,NORMAL,0.00
14/2/2026, 2:22:20 pm,10.124.6.134,,NORMAL,0.00
14/2/2026, 2:22:20 pm,10.124.10.2,,NORMAL,0.00
14/2/2026, 2:22:20 pm,10.124.25.253,,NORMAL,0.00
14/2/2026, 2:22:20 pm,10.124.25.253,,NORMAL,0.00
14/2/2026, 2:22:21 pm,10.124.8.63,,NORMAL,0.00
14/2/2026, 2:22:21 pm,10.124.7.50,,NORMAL,0.00
14/2/2026, 2:22:21 pm,10.124.9.15,,NORMAL,0.00
14/2/2026, 2:22:21 pm,10.124.5.55,,NORMAL,0.00
14/2/2026, 2:22:21 pm,10.124.5.55,,NORMAL,0.00
14/2/2026, 2:22:21 pm,8.8.8.8,,NORMAL,0.00
14/2/2026, 2:22:21 pm,8.8.8.8,,NORMAL,0.00
14/2/2026, 2:22:21 pm,10.124.9.244,,NORMAL,0.00
14/2/2026, 2:22:21 pm,10.124.6.202,,NORMAL,0.00
14/2/2026, 2:22:21 pm,10.124.6.202,,NORMAL,0.00
14/2/2026, 2:22:21 pm,10.124.4.61,,NORMAL,0.00
14/2/2026, 2:22:21 pm,10.124.3.146,,NORMAL,0.00
14/2/2026, 2:22:21 pm,10.124.16.33,,NORMAL,0.00
14/2/2026, 2:22:21 pm,10.124.8.189,,NORMAL,0.00
14/2/2026, 2:22:21 pm,10.124.10.96,,NORMAL,0.00
14/2/2026, 2:22:21 pm,10.124.10.96,,NORMAL,0.00
14/2/2026, 2:22:21 pm,10.124.9.70,,NORMAL,0.00
14/2/2026, 2:22:21 pm,10.124.9.70,,NORMAL,0.00
14/2/2026, 2:22:21 pm,10.124.9.70,,NORMAL,0.00
14/2/2026, 2:22:21 pm,10.124.9.70,,NORMAL,0.00
14/2/2026, 2:22:21 pm,10.124.6.199,,NORMAL,0.00
14/2/2026, 2:22:21 pm,10.124.6.202,,NORMAL,0.00
14/2/2026, 2:22:21 pm,10.124.6.202,,NORMAL,0.00
14/2/2026, 2:22:22 pm,10.124.7.50,,NORMAL,0.00
14/2/2026, 2:22:22 pm,10.124.9.70,,NORMAL,0.00
14/2/2026, 2:22:22 pm,10.124.9.70,,NORMAL,0.00
14/2/2026, 2:22:22 pm,10.124.9.70,,NORMAL,0.00
14/2/2026, 2:22:22 pm,10.124.9.70,,NORMAL,0.00
14/2/2026, 2:22:22 pm,10.124.2.55,,NORMAL,0.00
14/2/2026, 2:22:22 pm,10.124.4.170,,NORMAL,0.00
14/2/2026, 2:22:22 pm,10.124.8.100,,NORMAL,0.00
14/2/2026, 2:22:22 pm,10.124.6.202,,NORMAL,0.00
14/2/2026, 2:22:22 pm,10.124.6.202,,NORMAL,0.00
14/2/2026, 2:22:22 pm,10.124.8.230,,NORMAL,0.00
14/2/2026, 2:22:22 pm,10.124.8.94,,NORMAL,0.00
14/2/2026, 2:22:22 pm,10.124.10.115,,NORMAL,0.00
14/2/2026, 2:22:22 pm,10.124.10.115,,NORMAL,0.00
14/2/2026, 2:22:22 pm,10.124.9.70,,NORMAL,0.00
14/2/2026, 2:22:22 pm,10.124.9.70,,NORMAL,0.00
14/2/2026, 2:22:22 pm,10.124.4.34,,NORMAL,0.00
14/2/2026, 2:22:22 pm,10.124.16.33,,NORMAL,0.00
14/2/2026, 2:22:22 pm,10.124.8.92,,NORMAL,0.00
14/2/2026, 2:22:22 pm,10.124.9.70,,NORMAL,0.00
14/2/2026, 2:22:22 pm,10.124.9.70,,NORMAL,0.00
14/2/2026, 2:22:22 pm,10.124.10.2,,NORMAL,0.00
14/2/2026, 2:22:22 pm,10.124.8.63,,NORMAL,0.00
14/2/2026, 2:22:23 pm,10.124.5.231,,NORMAL,0.00
14/2/2026, 2:22:23 pm,10.124.6.166,,NORMAL,0.00
14/2/2026, 2:22:23 pm,10.124.11.49,,NORMAL,0.00
14/2/2026, 2:22:23 pm,10.124.4.170,,NORMAL,0.00
14/2/2026, 2:22:23 pm,10.124.4.119,,NORMAL,0.00
14/2/2026, 2:22:23 pm,10.124.4.119,,NORMAL,0.00
14/2/2026, 2:22:23 pm,10.124.11.49,,NORMAL,0.00
14/2/2026, 2:22:23 pm,10.124.9.163,,NORMAL,0.00
14/2/2026, 2:22:23 pm,10.124.4.34,,NORMAL,0.00
14/2/2026, 2:22:23 pm,10.124.4.131,,NORMAL,0.00
14/2/2026, 2:22:23 pm,10.124.6.77,,NORMAL,0.00
14/2/2026, 2:22:23 pm,10.124.6.77,,NORMAL,0.00
14/2/2026, 2:22:23 pm,10.124.10.96,,NORMAL,0.00
14/2/2026, 2:22:23 pm,10.124.10.96,,NORMAL,0.00
14/2/2026, 2:22:23 pm,10.124.6.199,,NORMAL,0.00
14/2/2026, 2:22:23 pm,10.124.6.47,,NORMAL,0.00
14/2/2026, 2:22:23 pm,10.124.4.119,,NORMAL,0.00
14/2/2026, 2:22:24 pm,10.124.5.147,,NORMAL,0.00
14/2/2026, 2:22:24 pm,10.124.5.147,,NORMAL,0.00
14/2/2026, 2:22:24 pm,10.124.7.50,,NORMAL,0.00
14/2/2026, 2:22:24 pm,10.124.11.49,,NORMAL,0.00
14/2/2026, 2:22:24 pm,10.124.4.119,,NORMAL,0.00
14/2/2026, 2:22:24 pm,10.124.11.49,,NORMAL,0.00
14/2/2026, 2:22:24 pm,10.124.14.183,,NORMAL,0.00
14/2/2026, 2:22:24 pm,10.124.9.70,,NORMAL,0.00
14/2/2026, 2:22:24 pm,10.124.9.70,,NORMAL,0.00
14/2/2026, 2:22:24 pm,10.124.9.218,,NORMAL,0.00
14/2/2026, 2:22:24 pm,10.124.7.42,,NORMAL,0.00
14/2/2026, 2:22:24 pm,10.124.7.42,,NORMAL,0.00
14/2/2026, 2:22:24 pm,10.124.7.42,,NORMAL,0.00
14/2/2026, 2:22:24 pm,10.124.6.47,,NORMAL,0.00
14/2/2026, 2:22:24 pm,10.124.9.70,,NORMAL,0.00
14/2/2026, 2:22:24 pm,10.124.9.70,,NORMAL,0.00
14/2/2026, 2:22:24 pm,10.124.10.2,,NORMAL,0.00
14/2/2026, 2:22:25 pm,10.124.4.241,,NORMAL,0.00
14/2/2026, 2:22:25 pm,10.124.8.63,,NORMAL,0.00
14/2/2026, 2:22:25 pm,10.124.4.61,,NORMAL,0.00
14/2/2026, 2:22:25 pm,10.124.4.170,,NORMAL,0.00
14/2/2026, 2:22:25 pm,10.124.9.70,,NORMAL,0.00
14/2/2026, 2:22:25 pm,10.124.4.241,,NORMAL,0.00
14/2/2026, 2:22:25 pm,10.124.9.70,,NORMAL,0.00
14/2/2026, 2:22:25 pm,10.124.4.61,,NORMAL,0.00
14/2/2026, 2:22:25 pm,10.124.0.174,,NORMAL,0.00
14/2/2026, 2:22:25 pm,10.124.6.232,,NORMAL,0.00
14/2/2026, 2:22:25 pm,10.124.21.24,,NORMAL,0.00
14/2/2026, 2:22:25 pm,10.124.4.61,,NORMAL,0.00
14/2/2026, 2:22:25 pm,10.124.9.218,,NORMAL,0.00
14/2/2026, 2:22:25 pm,10.124.0.106,,NORMAL,0.00
14/2/2026, 2:22:25 pm,10.124.7.42,,NORMAL,0.00
14/2/2026, 2:22:25 pm,10.124.0.106,,NORMAL,0.00
14/2/2026, 2:22:25 pm,10.124.0.106,,NORMAL,0.00
14/2/2026, 2:22:25 pm,10.124.0.106,,NORMAL,0.00
14/2/2026, 2:22:25 pm,10.124.30.215,,NORMAL,0.00
14/2/2026, 2:22:26 pm,10.124.4.241,,NORMAL,0.00
14/2/2026, 2:22:26 pm,10.124.10.165,,NORMAL,0.00
14/2/2026, 2:22:26 pm,10.124.4.241,,NORMAL,0.00
14/2/2026, 2:22:26 pm,10.124.0.174,,NORMAL,0.00
14/2/2026, 2:22:26 pm,10.124.4.34,,NORMAL,0.00
14/2/2026, 2:22:26 pm,10.124.29.237,,NORMAL,0.00
14/2/2026, 2:22:26 pm,10.124.10.124,,NORMAL,0.00
14/2/2026, 2:22:26 pm,10.124.27.110,,NORMAL,0.00
14/2/2026, 2:22:26 pm,10.124.10.225,,NORMAL,0.00
14/2/2026, 2:22:26 pm,10.124.7.42,,NORMAL,0.00
14/2/2026, 2:22:26 pm,10.124.10.225,,NORMAL,0.00
14/2/2026, 2:22:26 pm,10.124.0.106,,NORMAL,0.00
14/2/2026, 2:22:26 pm,10.124.6.47,,NORMAL,0.00
14/2/2026, 2:22:26 pm,10.124.8.63,,NORMAL,0.00
14/2/2026, 2:22:27 pm,10.124.10.96,,NORMAL,0.00
14/2/2026, 2:22:27 pm,10.124.10.96,,NORMAL,0.00
14/2/2026, 2:22:27 pm,10.124.10.225,,NORMAL,0.00
14/2/2026, 2:22:27 pm,10.124.10.124,,NORMAL,0.00
14/2/2026, 2:22:27 pm,10.124.2.234,,NORMAL,0.00
14/2/2026, 2:22:27 pm,10.124.0.106,,NORMAL,0.00
14/2/2026, 2:22:27 pm,10.124.5.196,,NORMAL,0.00
14/2/2026, 2:22:27 pm,10.124.10.225,,NORMAL,0.00
14/2/2026, 2:22:27 pm,10.124.0.106,,NORMAL,0.00
14/2/2026, 2:22:28 pm,10.124.10.96,,NORMAL,0.00
14/2/2026, 2:22:28 pm,10.124.10.96,,NORMAL,0.00
14/2/2026, 2:22:28 pm,10.124.2.139,,NORMAL,0.00
14/2/2026, 2:22:28 pm,10.124.18.170,,NORMAL,0.00
14/2/2026, 2:22:28 pm,10.124.2.3,,NORMAL,0.00
14/2/2026, 2:22:28 pm,10.124.13.36,,NORMAL,0.00
14/2/2026, 2:22:28 pm,10.124.9.122,,NORMAL,0.00
14/2/2026, 2:22:28 pm,10.124.21.253,,NORMAL,0.00
14/2/2026, 2:22:28 pm,10.124.9.84,,NORMAL,0.00
14/2/2026, 2:22:29 pm,10.124.8.63,,NORMAL,0.00
14/2/2026, 2:22:29 pm,10.124.4.241,,NORMAL,0.00
14/2/2026, 2:22:29 pm,10.124.24.8,,NORMAL,0.00
14/2/2026, 2:22:29 pm,10.124.5.110,,NORMAL,0.00
14/2/2026, 2:22:29 pm,Unknown,,NORMAL,0.00
14/2/2026, 2:22:29 pm,10.124.8.114,,NORMAL,0.00
14/2/2026, 2:22:29 pm,10.124.9.218,,NORMAL,0.00
14/2/2026, 2:22:29 pm,10.124.9.218,,NORMAL,0.00
14/2/2026, 2:22:29 pm,10.124.7.148,,NORMAL,0.00
14/2/2026, 2:22:29 pm,10.124.4.241,,NORMAL,0.00
14/2/2026, 2:22:29 pm,10.124.0.174,,NORMAL,0.00
14/2/2026, 2:22:29 pm,10.124.10.124,,NORMAL,0.00
14/2/2026, 2:22:29 pm,10.124.5.92,,NORMAL,0.00
14/2/2026, 2:22:29 pm,10.124.0.106,,NORMAL,0.00
14/2/2026, 2:22:29 pm,10.124.4.58,,NORMAL,0.00
14/2/2026, 2:22:29 pm,10.124.2.29,,NORMAL,0.00
14/2/2026, 2:22:29 pm,10.124.28.129,,NORMAL,0.00
14/2/2026, 2:22:30 pm,10.124.2.29,,NORMAL,0.00
14/2/2026, 2:22:30 pm,10.124.10.9,,NORMAL,0.00
14/2/2026, 2:22:30 pm,10.124.10.96,,NORMAL,0.00
14/2/2026, 2:22:30 pm,10.124.10.96,,NORMAL,0.00
14/2/2026, 2:22:30 pm,10.124.9.218,,NORMAL,0.00
14/2/2026, 2:22:30 pm,10.124.9.218,,NORMAL,0.00
14/2/2026, 2:22:30 pm,10.124.10.9,,NORMAL,0.00
14/2/2026, 2:22:30 pm,10.124.25.85,,NORMAL,0.00
14/2/2026, 2:22:30 pm,10.124.25.85,,NORMAL,0.00
14/2/2026, 2:22:30 pm,10.124.10.225,,NORMAL,0.00
14/2/2026, 2:22:30 pm,10.124.5.92,,NORMAL,0.00
14/2/2026, 2:22:30 pm,10.124.6.202,,NORMAL,0.00
14/2/2026, 2:22:30 pm,10.124.6.202,,NORMAL,0.00
14/2/2026, 2:22:30 pm,10.124.5.147,,NORMAL,0.00
14/2/2026, 2:22:30 pm,10.124.5.147,,NORMAL,0.00
14/2/2026, 2:22:30 pm,10.124.2.29,,NORMAL,0.00
14/2/2026, 2:22:30 pm,10.124.6.202,,NORMAL,0.00
14/2/2026, 2:22:30 pm,10.124.6.202,,NORMAL,0.00
14/2/2026, 2:22:30 pm,10.124.10.9,,NORMAL,0.00
14/2/2026, 2:22:31 pm,10.124.9.147,,NORMAL,0.00
14/2/2026, 2:22:31 pm,10.124.8.63,,NORMAL,0.00
14/2/2026, 2:22:31 pm,10.124.2.29,,NORMAL,0.00
14/2/2026, 2:22:31 pm,10.124.9.147,,NORMAL,0.00
14/2/2026, 2:22:31 pm,10.124.10.125,,NORMAL,0.00
14/2/2026, 2:22:31 pm,10.124.25.85,,NORMAL,0.00
14/2/2026, 2:22:31 pm,10.124.25.85,,NORMAL,0.00
14/2/2026, 2:22:31 pm,10.124.6.202,,NORMAL,0.00
14/2/2026, 2:22:31 pm,10.124.6.202,,NORMAL,0.00
14/2/2026, 2:22:31 pm,10.124.9.163,,NORMAL,0.00
14/2/2026, 2:22:31 pm,10.124.10.125,,NORMAL,0.00
14/2/2026, 2:22:31 pm,10.124.10.125,,NORMAL,0.00
14/2/2026, 2:22:31 pm,10.124.7.74,,NORMAL,0.00
14/2/2026, 2:22:31 pm,10.124.19.150,,NORMAL,0.00
14/2/2026, 2:22:31 pm,10.124.10.125,,NORMAL,0.00
14/2/2026, 2:22:31 pm,10.124.0.106,,NORMAL,0.00
14/2/2026, 2:22:31 pm,10.124.5.147,,NORMAL,0.00
14/2/2026, 2:22:31 pm,10.124.5.147,,NORMAL,0.00
14/2/2026, 2:22:31 pm,10.124.9.147,,NORMAL,0.00
14/2/2026, 2:22:31 pm,10.124.7.89,,NORMAL,0.00
14/2/2026, 2:22:31 pm,10.124.10.95,,NORMAL,0.00
14/2/2026, 2:22:32 pm,10.124.9.147,,NORMAL,0.00
14/2/2026, 2:22:32 pm,10.124.7.36,,NORMAL,0.00
14/2/2026, 2:22:32 pm,10.124.10.95,,NORMAL,0.00
14/2/2026, 2:22:32 pm,10.124.10.125,,NORMAL,0.00
14/2/2026, 2:22:32 pm,10.124.9.218,,NORMAL,0.00
14/2/2026, 2:22:32 pm,10.124.9.218,,NORMAL,0.00
14/2/2026, 2:22:32 pm,10.124.2.3,,NORMAL,0.00
14/2/2026, 2:22:32 pm,10.124.2.3,,NORMAL,0.00
14/2/2026, 2:22:32 pm,10.124.2.3,,NORMAL,0.00
14/2/2026, 2:22:32 pm,10.124.10.95,,NORMAL,0.00
14/2/2026, 2:22:32 pm,10.124.5.92,,NORMAL,0.00
14/2/2026, 2:22:32 pm,10.124.10.95,,NORMAL,0.00
14/2/2026, 2:22:32 pm,10.124.7.89,,NORMAL,0.00
14/2/2026, 2:22:32 pm,10.124.11.229,,NORMAL,0.00
14/2/2026, 2:22:33 pm,10.124.8.63,,NORMAL,0.00
14/2/2026, 2:22:33 pm,10.124.10.95,,NORMAL,0.00
14/2/2026, 2:22:33 pm,10.124.1.176,,NORMAL,0.00
14/2/2026, 2:22:33 pm,10.124.1.176,,NORMAL,0.00
14/2/2026, 2:22:33 pm,10.124.26.76,,NORMAL,0.00
14/2/2026, 2:22:33 pm,10.124.1.81,,NORMAL,0.00
14/2/2026, 2:22:33 pm,10.124.1.81,,NORMAL,0.00
14/2/2026, 2:22:33 pm,10.124.1.81,,NORMAL,0.00
14/2/2026, 2:22:33 pm,10.124.5.138,,NORMAL,0.00
14/2/2026, 2:22:33 pm,10.124.25.85,,NORMAL,0.00
14/2/2026, 2:22:33 pm,10.124.25.85,,NORMAL,0.00
14/2/2026, 2:22:33 pm,10.124.2.3,,NORMAL,0.00
14/2/2026, 2:22:33 pm,10.124.10.95,,NORMAL,0.00
14/2/2026, 2:22:33 pm,10.124.1.81,,NORMAL,0.00
14/2/2026, 2:22:33 pm,10.124.6.64,,NORMAL,0.00
14/2/2026, 2:22:33 pm,10.124.0.106,,NORMAL,0.00
14/2/2026, 2:22:33 pm,10.124.1.176,,NORMAL,0.00
14/2/2026, 2:22:33 pm,10.124.1.81,,NORMAL,0.00
14/2/2026, 2:22:33 pm,10.124.1.81,,NORMAL,0.00
14/2/2026, 2:22:33 pm,10.124.10.225,,NORMAL,0.00
14/2/2026, 2:22:33 pm,10.124.10.225,,NORMAL,0.00
14/2/2026, 2:22:34 pm,10.124.1.176,,NORMAL,0.00
14/2/2026, 2:22:34 pm,10.124.1.81,,NORMAL,0.00
14/2/2026, 2:22:34 pm,10.124.2.3,,NORMAL,0.00
14/2/2026, 2:22:34 pm,10.124.9.150,,NORMAL,0.00
14/2/2026, 2:22:34 pm,10.124.26.204,,NORMAL,0.00
14/2/2026, 2:22:34 pm,10.124.26.204,,NORMAL,0.00
14/2/2026, 2:22:34 pm,10.124.10.225,,NORMAL,0.00
14/2/2026, 2:22:34 pm,10.124.5.196,,NORMAL,0.00
14/2/2026, 2:22:34 pm,10.124.29.0,,NORMAL,0.00
14/2/2026, 2:22:34 pm,10.124.11.229,,NORMAL,0.00
14/2/2026, 2:22:34 pm,10.124.10.95,,NORMAL,0.00
14/2/2026, 2:22:34 pm,10.124.7.89,,NORMAL,0.00
14/2/2026, 2:22:34 pm,10.124.10.125,,NORMAL,0.00
14/2/2026, 2:22:34 pm,10.124.11.116,,NORMAL,0.00
14/2/2026, 2:22:34 pm,10.124.10.225,,NORMAL,0.00
14/2/2026, 2:22:34 pm,10.124.8.63,,NORMAL,0.00
14/2/2026, 2:22:35 pm,10.124.0.111,,NORMAL,0.00
14/2/2026, 2:22:35 pm,10.124.2.211,,NORMAL,0.00
14/2/2026, 2:22:35 pm,10.124.8.81,,NORMAL,0.00
14/2/2026, 2:22:35 pm,10.124.2.211,,NORMAL,0.00
14/2/2026, 2:22:35 pm,10.124.26.204,,NORMAL,0.00
14/2/2026, 2:22:35 pm,10.124.1.153,,NORMAL,0.00
14/2/2026, 2:22:35 pm,10.124.10.95,,NORMAL,0.00
14/2/2026, 2:22:35 pm,10.124.9.150,,NORMAL,0.00
14/2/2026, 2:22:35 pm,10.124.4.34,,NORMAL,0.00
14/2/2026, 2:22:35 pm,10.124.26.204,,NORMAL,0.00
14/2/2026, 2:22:35 pm,10.124.0.106,,NORMAL,0.00
14/2/2026, 2:22:35 pm,10.124.10.95,,NORMAL,0.00
14/2/2026, 2:22:35 pm,10.124.2.211,,NORMAL,0.00
14/2/2026, 2:22:36 pm,10.124.8.81,,NORMAL,0.00
14/2/2026, 2:22:36 pm,10.124.11.112,,NORMAL,0.00
14/2/2026, 2:22:36 pm,10.124.9.234,,NORMAL,0.00
14/2/2026, 2:22:36 pm,10.124.2.211,,NORMAL,0.00
14/2/2026, 2:22:36 pm,10.124.5.147,,NORMAL,0.00
14/2/2026, 2:22:36 pm,10.124.5.147,,NORMAL,0.00
14/2/2026, 2:22:36 pm,10.124.2.29,,NORMAL,0.00
14/2/2026, 2:22:36 pm,10.124.5.55,,NORMAL,0.00
14/2/2026, 2:22:36 pm,10.124.5.55,,NORMAL,0.00
14/2/2026, 2:22:36 pm,8.8.8.8,,NORMAL,0.00
14/2/2026, 2:22:36 pm,8.8.4.4,,NORMAL,0.00
14/2/2026, 2:22:36 pm,10.124.1.176,,NORMAL,0.00
14/2/2026, 2:22:36 pm,10.124.5.107,,NORMAL,0.00
14/2/2026, 2:22:36 pm,10.124.5.107,,NORMAL,0.00
14/2/2026, 2:22:36 pm,10.124.5.107,,NORMAL,0.00
14/2/2026, 2:22:36 pm,10.124.5.107,,NORMAL,0.00
14/2/2026, 2:22:36 pm,10.124.4.222,,NORMAL,0.00
14/2/2026, 2:22:36 pm,10.124.1.81,,NORMAL,0.00
14/2/2026, 2:22:37 pm,10.124.11.229,,NORMAL,0.00
14/2/2026, 2:22:37 pm,10.124.0.45,,NORMAL,0.00
14/2/2026, 2:22:37 pm,10.124.8.63,,NORMAL,0.00
14/2/2026, 2:22:37 pm,10.124.2.29,,NORMAL,0.00
14/2/2026, 2:22:37 pm,10.124.1.176,,NORMAL,0.00
14/2/2026, 2:22:37 pm,10.124.9.146,,NORMAL,0.00
14/2/2026, 2:22:37 pm,10.124.9.150,,NORMAL,0.00
14/2/2026, 2:22:37 pm,10.124.5.147,,NORMAL,0.00
14/2/2026, 2:22:37 pm,10.124.5.147,,NORMAL,0.00
14/2/2026, 2:22:37 pm,10.124.2.29,,NORMAL,0.00
14/2/2026, 2:22:37 pm,10.124.10.96,,NORMAL,0.00
14/2/2026, 2:22:37 pm,10.124.10.96,,NORMAL,0.00
14/2/2026, 2:22:37 pm,10.124.0.106,,NORMAL,0.00
14/2/2026, 2:22:37 pm,10.124.2.29,,NORMAL,0.00
14/2/2026, 2:22:38 pm,10.124.8.81,,NORMAL,0.00
14/2/2026, 2:22:38 pm,10.124.26.204,,NORMAL,0.00
14/2/2026, 2:22:38 pm,10.124.9.163,,NORMAL,0.00
14/2/2026, 2:22:38 pm,10.124.5.55,,NORMAL,0.00
14/2/2026, 2:22:38 pm,10.124.18.55,,NORMAL,0.00
14/2/2026, 2:22:38 pm,10.124.26.204,,NORMAL,0.00
14/2/2026, 2:22:38 pm,8.8.8.8,,NORMAL,0.00
14/2/2026, 2:22:38 pm,10.124.10.96,,NORMAL,0.00
14/2/2026, 2:22:38 pm,10.124.10.96,,NORMAL,0.00
14/2/2026, 2:22:38 pm,10.124.2.211,,NORMAL,0.00
14/2/2026, 2:22:39 pm,10.124.8.63,,NORMAL,0.00
14/2/2026, 2:22:39 pm,10.124.2.211,,NORMAL,0.00
14/2/2026, 2:22:39 pm,10.124.7.251,,NORMAL,0.00
14/2/2026, 2:22:39 pm,10.124.5.147,,NORMAL,0.00
14/2/2026, 2:22:39 pm,10.124.5.147,,NORMAL,0.00
14/2/2026, 2:22:39 pm,10.124.6.168,,NORMAL,0.00
14/2/2026, 2:22:39 pm,10.124.3.56,,NORMAL,0.00
14/2/2026, 2:22:39 pm,10.124.23.184,,NORMAL,0.00
14/2/2026, 2:22:39 pm,10.124.0.106,,NORMAL,0.00
14/2/2026, 2:22:39 pm,10.124.23.184,,NORMAL,0.00
14/2/2026, 2:22:39 pm,10.124.9.213,,NORMAL,0.00
14/2/2026, 2:22:40 pm,10.124.9.213,,NORMAL,0.00
14/2/2026, 2:22:40 pm,10.124.7.251,,NORMAL,0.00
14/2/2026, 2:22:40 pm,10.124.8.129,,NORMAL,0.00
14/2/2026, 2:22:40 pm,10.124.2.29,,NORMAL,0.00
14/2/2026, 2:22:40 pm,10.124.23.184,,NORMAL,0.00
14/2/2026, 2:22:40 pm,10.124.10.96,,NORMAL,0.00
14/2/2026, 2:22:40 pm,10.124.10.96,,NORMAL,0.00
14/2/2026, 2:22:40 pm,10.124.22.206,,NORMAL,0.00
14/2/2026, 2:22:40 pm,10.124.9.213,,NORMAL,0.00
14/2/2026, 2:22:40 pm,10.124.2.29,,NORMAL,0.00
14/2/2026, 2:22:40 pm,10.124.23.184,,NORMAL,0.00
14/2/2026, 2:22:40 pm,10.124.12.98,,NORMAL,0.00
14/2/2026, 2:22:41 pm,10.124.9.15,,NORMAL,0.00
14/2/2026, 2:22:41 pm,10.124.5.231,,NORMAL,0.00
14/2/2026, 2:22:41 pm,10.124.9.104,,NORMAL,0.00
14/2/2026, 2:22:41 pm,10.124.9.244,,NORMAL,0.00
14/2/2026, 2:22:41 pm,10.124.4.61,,NORMAL,0.00
14/2/2026, 2:22:41 pm,10.124.3.146,,NORMAL,0.00
14/2/2026, 2:22:41 pm,10.124.22.206,,NORMAL,0.00
14/2/2026, 2:22:41 pm,10.124.0.106,,NORMAL,0.00
14/2/2026, 2:22:41 pm,10.124.8.189,,NORMAL,0.00
14/2/2026, 2:22:41 pm,10.124.8.154,,NORMAL,0.00
14/2/2026, 2:22:41 pm,10.124.5.196,,NORMAL,0.00
14/2/2026, 2:22:41 pm,10.124.0.154,,NORMAL,0.00
14/2/2026, 2:22:41 pm,10.124.0.154,,NORMAL,0.00
14/2/2026, 2:22:41 pm,10.124.0.154,,NORMAL,0.00
14/2/2026, 2:22:41 pm,10.124.8.154,,NORMAL,0.00
14/2/2026, 2:22:42 pm,10.124.10.170,,NORMAL,0.00
14/2/2026, 2:22:42 pm,10.124.8.100,,NORMAL,0.00
14/2/2026, 2:22:42 pm,10.124.7.163,,NORMAL,0.00
14/2/2026, 2:22:42 pm,10.124.8.154,,NORMAL,0.00
14/2/2026, 2:22:42 pm,10.124.7.251,,NORMAL,0.00
14/2/2026, 2:22:42 pm,10.124.8.230,,NORMAL,0.00
14/2/2026, 2:22:42 pm,10.124.10.170,,NORMAL,0.00
14/2/2026, 2:22:42 pm,10.124.10.170,,NORMAL,0.00
14/2/2026, 2:22:42 pm,10.124.1.176,,NORMAL,0.00
14/2/2026, 2:22:42 pm,10.124.1.176,,NORMAL,0.00
14/2/2026, 2:22:42 pm,10.124.0.154,,NORMAL,0.00
14/2/2026, 2:22:43 pm,10.124.7.203,,NORMAL,0.00
14/2/2026, 2:22:43 pm,10.124.1.176,,NORMAL,0.00
14/2/2026, 2:22:43 pm,10.124.31.22,,NORMAL,0.00
14/2/2026, 2:22:43 pm,10.124.23.184,,NORMAL,0.00
14/2/2026, 2:22:43 pm,10.124.0.106,,NORMAL,0.00
14/2/2026, 2:22:43 pm,10.124.1.176,,NORMAL,0.00
14/2/2026, 2:22:43 pm,10.124.0.154,,NORMAL,0.00
14/2/2026, 2:22:43 pm,10.124.23.184,,NORMAL,0.00
14/2/2026, 2:22:43 pm,10.124.9.84,,NORMAL,0.00
14/2/2026, 2:22:43 pm,10.124.27.226,,NORMAL,0.00
14/2/2026, 2:22:43 pm,10.124.10.125,,NORMAL,0.00
14/2/2026, 2:22:44 pm,10.124.27.226,,NORMAL,0.00
14/2/2026, 2:22:44 pm,10.124.3.186,,NORMAL,0.00
14/2/2026, 2:22:44 pm,10.124.3.186,,NORMAL,0.00
14/2/2026, 2:22:44 pm,10.124.7.203,,NORMAL,0.00
14/2/2026, 2:22:44 pm,10.124.2.3,,NORMAL,0.00
14/2/2026, 2:22:44 pm,10.124.2.3,,NORMAL,0.00
14/2/2026, 2:22:44 pm,10.124.2.3,,NORMAL,0.00
14/2/2026, 2:22:44 pm,10.124.3.186,,NORMAL,0.00
14/2/2026, 2:22:44 pm,10.124.27.226,,NORMAL,0.00
14/2/2026, 2:22:45 pm,10.124.3.186,,NORMAL,0.00
14/2/2026, 2:22:45 pm,10.124.27.226,,NORMAL,0.00
14/2/2026, 2:22:45 pm,10.124.8.21,,NORMAL,0.00
14/2/2026, 2:22:45 pm,10.124.2.3,,NORMAL,0.00
14/2/2026, 2:22:45 pm,10.124.6.232,,NORMAL,0.00
14/2/2026, 2:22:45 pm,10.124.11.49,,NORMAL,0.00
14/2/2026, 2:22:45 pm,10.124.21.24,,NORMAL,0.00
14/2/2026, 2:22:45 pm,10.124.7.2,,NORMAL,0.00
14/2/2026, 2:22:45 pm,10.124.8.21,,NORMAL,0.00
14/2/2026, 2:22:45 pm,10.124.7.40,,NORMAL,0.00
14/2/2026, 2:22:45 pm,10.124.31.208,,NORMAL,0.00
14/2/2026, 2:22:45 pm,Unknown,,NORMAL,0.00
14/2/2026, 2:22:46 pm,10.124.7.40,,NORMAL,0.00
14/2/2026, 2:22:46 pm,10.124.31.208,,NORMAL,0.00
14/2/2026, 2:22:46 pm,Unknown,,NORMAL,0.00
14/2/2026, 2:22:46 pm,10.124.10.165,,NORMAL,0.00
14/2/2026, 2:22:46 pm,10.124.8.21,,NORMAL,0.00
14/2/2026, 2:22:46 pm,10.124.9.163,,NORMAL,0.00
14/2/2026, 2:22:46 pm,10.124.7.203,,NORMAL,0.00
14/2/2026, 2:22:46 pm,10.124.1.176,,NORMAL,0.00
14/2/2026, 2:22:46 pm,10.124.3.248,,NORMAL,0.00
14/2/2026, 2:22:46 pm,10.124.3.248,,NORMAL,0.00
14/2/2026, 2:22:46 pm,10.124.3.248,,NORMAL,0.00
14/2/2026, 2:22:46 pm,10.124.2.3,,NORMAL,0.00
14/2/2026, 2:22:46 pm,10.124.29.237,,NORMAL,0.00
14/2/2026, 2:22:46 pm,10.124.8.21,,NORMAL,0.00
14/2/2026, 2:22:46 pm,10.124.11.49,,NORMAL,0.00
14/2/2026, 2:22:46 pm,10.124.7.70,,NORMAL,0.00
14/2/2026, 2:22:46 pm,10.124.7.2,,NORMAL,0.00
14/2/2026, 2:22:46 pm,10.124.7.40,,NORMAL,0.00
14/2/2026, 2:22:46 pm,10.124.31.208,,NORMAL,0.00
14/2/2026, 2:22:46 pm,Unknown,,NORMAL,0.00
14/2/2026, 2:22:47 pm,10.124.7.70,,NORMAL,0.00
14/2/2026, 2:22:47 pm,10.124.7.118,,NORMAL,0.00
14/2/2026, 2:22:47 pm,10.124.7.118,,NORMAL,0.00
14/2/2026, 2:22:47 pm,10.124.7.40,,NORMAL,0.00
14/2/2026, 2:22:47 pm,10.124.7.70,,NORMAL,0.00
14/2/2026, 2:22:47 pm,10.124.7.70,,NORMAL,0.00
14/2/2026, 2:22:47 pm,10.124.3.248,,NORMAL,0.00
14/2/2026, 2:22:47 pm,10.124.4.180,,NORMAL,0.00
14/2/2026, 2:22:47 pm,10.124.11.49,,NORMAL,0.00
14/2/2026, 2:22:47 pm,10.124.3.195,,NORMAL,0.00
14/2/2026, 2:22:47 pm,10.124.3.195,,NORMAL,0.00
14/2/2026, 2:22:47 pm,10.124.3.195,,NORMAL,0.00
14/2/2026, 2:22:47 pm,10.124.4.180,,NORMAL,0.00
14/2/2026, 2:22:47 pm,10.124.14.183,,NORMAL,0.00
14/2/2026, 2:22:47 pm,10.124.7.70,,NORMAL,0.00
14/2/2026, 2:22:47 pm,10.124.4.180,,NORMAL,0.00
14/2/2026, 2:22:47 pm,10.124.7.70,,NORMAL,0.00
14/2/2026, 2:22:47 pm,10.124.7.70,,NORMAL,0.00
14/2/2026, 2:22:47 pm,10.124.7.118,,NORMAL,0.00
14/2/2026, 2:22:47 pm,10.124.7.118,,NORMAL,0.00
14/2/2026, 2:22:48 pm,10.124.14.183,,NORMAL,0.00
14/2/2026, 2:22:48 pm,10.124.7.70,,NORMAL,0.00
14/2/2026, 2:22:48 pm,10.124.7.70,,NORMAL,0.00
14/2/2026, 2:22:48 pm,10.124.2.139,,NORMAL,0.00
14/2/2026, 2:22:48 pm,10.124.18.170,,NORMAL,0.00
14/2/2026, 2:22:48 pm,10.124.7.70,,NORMAL,0.00
14/2/2026, 2:22:48 pm,10.124.14.183,,NORMAL,0.00
14/2/2026, 2:22:48 pm,10.124.3.248,,NORMAL,0.00
14/2/2026, 2:22:48 pm,10.124.7.2,,NORMAL,0.00
14/2/2026, 2:22:48 pm,10.124.5.188,,NORMAL,0.00
14/2/2026, 2:22:48 pm,10.124.27.37,,NORMAL,0.00
14/2/2026, 2:22:48 pm,10.124.31.208,,NORMAL,0.00
14/2/2026, 2:22:48 pm,10.124.14.183,,NORMAL,0.00
14/2/2026, 2:22:48 pm,Unknown,,NORMAL,0.00
14/2/2026, 2:22:48 pm,10.124.31.208,,NORMAL,0.00
14/2/2026, 2:22:48 pm,Unknown,,NORMAL,0.00
14/2/2026, 2:22:48 pm,10.124.2.234,,NORMAL,0.00
14/2/2026, 2:22:48 pm,10.124.5.196,,NORMAL,0.00
14/2/2026, 2:22:49 pm,10.124.3.195,,NORMAL,0.00
14/2/2026, 2:22:49 pm,10.124.7.70,,NORMAL,0.00
14/2/2026, 2:22:49 pm,10.124.7.70,,NORMAL,0.00
14/2/2026, 2:22:49 pm,10.124.7.70,,NORMAL,0.00
14/2/2026, 2:22:49 pm,10.124.0.106,,NORMAL,0.00
14/2/2026, 2:22:49 pm,10.124.0.106,,NORMAL,0.00
14/2/2026, 2:22:49 pm,10.124.0.106,,NORMAL,0.00
14/2/2026, 2:22:49 pm,10.124.0.106,,NORMAL,0.00
14/2/2026, 2:22:49 pm,10.124.5.110,,NORMAL,0.00
14/2/2026, 2:22:49 pm,Unknown,,NORMAL,0.00
14/2/2026, 2:22:49 pm,10.124.7.70,,NORMAL,0.00
14/2/2026, 2:22:49 pm,10.124.7.148,,NORMAL,0.00
14/2/2026, 2:22:49 pm,10.124.24.8,,NORMAL,0.00
14/2/2026, 2:22:49 pm,10.124.0.106,,NORMAL,0.00
14/2/2026, 2:22:49 pm,10.124.7.70,,NORMAL,0.00
14/2/2026, 2:22:49 pm,10.124.11.49,,NORMAL,0.00
14/2/2026, 2:22:49 pm,10.124.7.40,,NORMAL,0.00
14/2/2026, 2:22:49 pm,10.124.5.235,,NORMAL,0.00
14/2/2026, 2:22:49 pm,10.124.5.235,,NORMAL,0.00
14/2/2026, 2:22:49 pm,10.124.3.195,,NORMAL,0.00
14/2/2026, 2:22:49 pm,10.124.10.170,,NORMAL,0.00
14/2/2026, 2:22:50 pm,10.124.10.95,,NORMAL,0.00
14/2/2026, 2:22:50 pm,10.124.7.118,,NORMAL,0.00
14/2/2026, 2:22:50 pm,10.124.7.118,,NORMAL,0.00
14/2/2026, 2:22:50 pm,10.124.0.106,,NORMAL,0.00
14/2/2026, 2:22:50 pm,10.124.6.137,,NORMAL,0.00
14/2/2026, 2:22:50 pm,10.124.10.95,,NORMAL,0.00
14/2/2026, 2:22:50 pm,10.124.10.95,,NORMAL,0.00
14/2/2026, 2:22:50 pm,10.124.7.70,,NORMAL,0.00
14/2/2026, 2:22:50 pm,10.124.10.170,,NORMAL,0.00
14/2/2026, 2:22:50 pm,10.124.7.70,,NORMAL,0.00
14/2/2026, 2:22:50 pm,10.124.5.188,,NORMAL,0.00
14/2/2026, 2:22:50 pm,10.124.5.55,,NORMAL,0.00
14/2/2026, 2:22:50 pm,8.8.8.8,,NORMAL,0.00
14/2/2026, 2:22:50 pm,10.124.7.70,,NORMAL,0.00
14/2/2026, 2:22:50 pm,10.124.10.95,,NORMAL,0.00
14/2/2026, 2:22:50 pm,10.124.9.167,,NORMAL,0.00
14/2/2026, 2:22:50 pm,10.124.5.235,,NORMAL,0.00
14/2/2026, 2:22:50 pm,10.124.5.235,,NORMAL,0.00
14/2/2026, 2:22:50 pm,10.124.7.70,,NORMAL,0.00
14/2/2026, 2:22:50 pm,10.124.5.147,,NORMAL,0.00
14/2/2026, 2:22:50 pm,10.124.5.147,,NORMAL,0.00
14/2/2026, 2:22:50 pm,10.124.9.167,,NORMAL,0.00
14/2/2026, 2:22:51 pm,10.124.0.106,,NORMAL,0.00
14/2/2026, 2:22:51 pm,10.124.10.95,,NORMAL,0.00
14/2/2026, 2:22:51 pm,10.124.4.119,,NORMAL,0.00
14/2/2026, 2:22:51 pm,10.124.1.114,,NORMAL,0.00
14/2/2026, 2:22:51 pm,10.124.7.70,,NORMAL,0.00
14/2/2026, 2:22:51 pm,10.124.7.70,,NORMAL,0.00
14/2/2026, 2:22:51 pm,10.124.10.95,,NORMAL,0.00
14/2/2026, 2:22:51 pm,10.124.3.248,,NORMAL,0.00
14/2/2026, 2:22:51 pm,10.124.3.248,,NORMAL,0.00
14/2/2026, 2:22:51 pm,10.124.3.248,,NORMAL,0.00
14/2/2026, 2:22:51 pm,10.124.0.106,,NORMAL,0.00
14/2/2026, 2:22:51 pm,10.124.4.119,,NORMAL,0.00
14/2/2026, 2:22:51 pm,10.124.7.70,,NORMAL,0.00
14/2/2026, 2:22:51 pm,10.124.7.70,,NORMAL,0.00
14/2/2026, 2:22:51 pm,10.124.7.70,,NORMAL,0.00
14/2/2026, 2:22:51 pm,10.124.7.70,,NORMAL,0.00
14/2/2026, 2:22:51 pm,10.124.7.74,,NORMAL,0.00
14/2/2026, 2:22:51 pm,10.124.2.3,,NORMAL,0.00
14/2/2026, 2:22:51 pm,10.124.2.3,,NORMAL,0.00
14/2/2026, 2:22:51 pm,10.124.2.3,,NORMAL,0.00
14/2/2026, 2:22:51 pm,10.124.19.150,,NORMAL,0.00
14/2/2026, 2:22:51 pm,10.124.9.167,,NORMAL,0.00
14/2/2026, 2:22:51 pm,10.124.10.95,,NORMAL,0.00
14/2/2026, 2:22:51 pm,10.124.10.95,,NORMAL,0.00
14/2/2026, 2:22:51 pm,10.124.14.183,,NORMAL,0.00
14/2/2026, 2:22:51 pm,10.124.7.70,,NORMAL,0.00
14/2/2026, 2:22:51 pm,10.124.2.225,,NORMAL,0.00
14/2/2026, 2:22:51 pm,10.124.7.70,,NORMAL,0.00
14/2/2026, 2:22:51 pm,10.124.10.95,,NORMAL,0.00
14/2/2026, 2:22:51 pm,10.124.5.147,,NORMAL,0.00
14/2/2026, 2:22:51 pm,10.124.5.147,,NORMAL,0.00
14/2/2026, 2:22:51 pm,10.124.4.119,,NORMAL,0.00
14/2/2026, 2:22:51 pm,10.124.7.70,,NORMAL,0.00
14/2/2026, 2:22:52 pm,10.124.2.225,,NORMAL,0.00
14/2/2026, 2:22:52 pm,10.124.7.70,,NORMAL,0.00
14/2/2026, 2:22:52 pm,10.124.27.228,,NORMAL,0.00
14/2/2026, 2:22:52 pm,10.124.7.36,,NORMAL,0.00
14/2/2026, 2:22:52 pm,10.124.27.228,,NORMAL,0.00
14/2/2026, 2:22:52 pm,10.124.7.70,,NORMAL,0.00
14/2/2026, 2:22:52 pm,10.124.10.125,,NORMAL,0.00
14/2/2026, 2:22:52 pm,10.124.10.125,,NORMAL,0.00
14/2/2026, 2:22:52 pm,10.124.10.125,,NORMAL,0.00
14/2/2026, 2:22:52 pm,10.124.10.125,,NORMAL,0.00
14/2/2026, 2:22:52 pm,10.124.10.125,,NORMAL,0.00
14/2/2026, 2:22:52 pm,10.124.7.70,,NORMAL,0.00
14/2/2026, 2:22:52 pm,10.124.3.248,,NORMAL,0.00
14/2/2026, 2:22:52 pm,10.124.4.119,,NORMAL,0.00
14/2/2026, 2:22:52 pm,10.124.2.225,,NORMAL,0.00
14/2/2026, 2:22:52 pm,10.124.2.3,,NORMAL,0.00
14/2/2026, 2:22:52 pm,10.124.2.225,,NORMAL,0.00
14/2/2026, 2:22:52 pm,10.124.9.7,,NORMAL,0.00
14/2/2026, 2:22:52 pm,10.124.9.7,,NORMAL,0.00
14/2/2026, 2:22:52 pm,10.124.9.7,,NORMAL,0.00
14/2/2026, 2:22:52 pm,10.124.2.225,,NORMAL,0.00
14/2/2026, 2:22:52 pm,10.124.27.228,,NORMAL,0.00
14/2/2026, 2:22:52 pm,10.124.7.70,,NORMAL,0.00
14/2/2026, 2:22:52 pm,10.124.25.44,,NORMAL,0.00
14/2/2026, 2:22:52 pm,10.124.2.225,,NORMAL,0.00
14/2/2026, 2:22:53 pm,10.124.10.125,,NORMAL,0.00
14/2/2026, 2:22:53 pm,10.124.10.125,,NORMAL,0.00
14/2/2026, 2:22:53 pm,10.124.10.125,,NORMAL,0.00
14/2/2026, 2:22:53 pm,10.124.10.125,,NORMAL,0.00
14/2/2026, 2:22:53 pm,10.124.10.125,,NORMAL,0.00
14/2/2026, 2:22:53 pm,10.124.7.42,,NORMAL,0.00
14/2/2026, 2:22:53 pm,10.124.7.42,,NORMAL,0.00
14/2/2026, 2:22:53 pm,10.124.7.42,,NORMAL,0.00
14/2/2026, 2:22:53 pm,10.124.5.138,,NORMAL,0.00
14/2/2026, 2:22:53 pm,10.124.3.248,,NORMAL,0.00
14/2/2026, 2:22:53 pm,10.124.0.106,,NORMAL,0.00
14/2/2026, 2:22:53 pm,10.124.25.44,,NORMAL,0.00
14/2/2026, 2:22:53 pm,10.124.9.163,,NORMAL,0.00
14/2/2026, 2:22:53 pm,10.124.1.153,,NORMAL,0.00
14/2/2026, 2:22:53 pm,10.124.10.170,,NORMAL,0.00
14/2/2026, 2:22:53 pm,10.124.2.3,,NORMAL,0.00
14/2/2026, 2:22:53 pm,10.124.6.64,,NORMAL,0.00
14/2/2026, 2:22:53 pm,10.124.10.170,,NORMAL,0.00
14/2/2026, 2:22:53 pm,10.124.9.7,,NORMAL,0.00
14/2/2026, 2:22:53 pm,10.124.10.170,,NORMAL,0.00
14/2/2026, 2:22:53 pm,10.124.5.147,,NORMAL,0.00
14/2/2026, 2:22:53 pm,10.124.5.147,,NORMAL,0.00
14/2/2026, 2:22:53 pm,10.124.4.123,,NORMAL,0.00
14/2/2026, 2:22:54 pm,10.124.5.235,,NORMAL,0.00
14/2/2026, 2:22:54 pm,10.124.5.235,,NORMAL,0.00
14/2/2026, 2:22:54 pm,10.124.7.70,,NORMAL,0.00
14/2/2026, 2:22:54 pm,10.124.7.42,,NORMAL,0.00
14/2/2026, 2:22:54 pm,10.124.7.70,,NORMAL,0.00
14/2/2026, 2:22:54 pm,10.124.29.0,,NORMAL,0.00
14/2/2026, 2:22:54 pm,10.124.9.7,,NORMAL,0.00
14/2/2026, 2:22:54 pm,10.124.7.70,,NORMAL,0.00
14/2/2026, 2:22:54 pm,10.124.27.37,,NORMAL,0.00
14/2/2026, 2:22:54 pm,10.124.11.116,,NORMAL,0.00
14/2/2026, 2:22:55 pm,10.124.5.235,,NORMAL,0.00
14/2/2026, 2:22:55 pm,10.124.5.235,,NORMAL,0.00
14/2/2026, 2:22:55 pm,10.124.0.111,,NORMAL,0.00
14/2/2026, 2:22:55 pm,10.124.2.29,,NORMAL,0.00
14/2/2026, 2:22:55 pm,10.124.10.125,,NORMAL,0.00
14/2/2026, 2:22:55 pm,10.124.10.125,,NORMAL,0.00
14/2/2026, 2:22:55 pm,10.124.10.125,,NORMAL,0.00
14/2/2026, 2:22:55 pm,10.124.10.125,,NORMAL,0.00
14/2/2026, 2:22:55 pm,10.124.10.125,,NORMAL,0.00
14/2/2026, 2:22:55 pm,10.124.0.106,,NORMAL,0.00
14/2/2026, 2:22:55 pm,10.124.7.70,,NORMAL,0.00
14/2/2026, 2:22:55 pm,10.124.7.70,,NORMAL,0.00
14/2/2026, 2:22:55 pm,10.124.7.70,,NORMAL,0.00
14/2/2026, 2:22:55 pm,10.124.7.42,,NORMAL,0.00
14/2/2026, 2:22:55 pm,10.124.7.70,,NORMAL,0.00
14/2/2026, 2:22:55 pm,10.124.2.29,,NORMAL,0.00
14/2/2026, 2:22:55 pm,10.124.5.196,,NORMAL,0.00
14/2/2026, 2:22:56 pm,10.124.11.112,,NORMAL,0.00
14/2/2026, 2:22:56 pm,10.124.2.29,,NORMAL,0.00
14/2/2026, 2:22:56 pm,10.124.27.228,,NORMAL,0.00
14/2/2026, 2:22:56 pm,10.124.9.234,,NORMAL,0.00
14/2/2026, 2:22:56 pm,10.124.7.70,,NORMAL,0.00
14/2/2026, 2:22:56 pm,10.124.7.70,,NORMAL,0.00
14/2/2026, 2:22:56 pm,10.124.2.29,,NORMAL,0.00
14/2/2026, 2:22:56 pm,10.124.4.222,,NORMAL,0.00
14/2/2026, 2:22:56 pm,10.124.27.228,,NORMAL,0.00
14/2/2026, 2:22:56 pm,10.124.7.70,,NORMAL,0.00
14/2/2026, 2:22:56 pm,10.124.7.70,,NORMAL,0.00
14/2/2026, 2:22:56 pm,10.124.5.235,,NORMAL,0.00
14/2/2026, 2:22:56 pm,10.124.5.235,,NORMAL,0.00
14/2/2026, 2:22:57 pm,10.124.7.70,,NORMAL,0.00
14/2/2026, 2:22:57 pm,10.124.0.106,,NORMAL,0.00
14/2/2026, 2:22:57 pm,10.124.8.143,,NORMAL,0.00
14/2/2026, 2:22:57 pm,10.124.27.228,,NORMAL,0.00
14/2/2026, 2:22:57 pm,10.124.9.250,,NORMAL,0.00
14/2/2026, 2:22:57 pm,10.124.7.70,,NORMAL,0.00
14/2/2026, 2:22:57 pm,10.124.5.52,,NORMAL,0.00
14/2/2026, 2:22:57 pm,10.124.8.107,,NORMAL,0.00
14/2/2026, 2:22:57 pm,10.124.8.107,,NORMAL,0.00
14/2/2026, 2:22:58 pm,10.124.9.109,,NORMAL,0.00
14/2/2026, 2:22:58 pm,10.124.9.109,,NORMAL,0.00
14/2/2026, 2:22:58 pm,10.124.9.109,,NORMAL,0.00
14/2/2026, 2:22:58 pm,10.124.9.109,,NORMAL,0.00
14/2/2026, 2:22:58 pm,10.124.8.143,,NORMAL,0.00
14/2/2026, 2:22:58 pm,10.124.9.250,,NORMAL,0.00
14/2/2026, 2:22:58 pm,10.124.10.96,,NORMAL,0.00
14/2/2026, 2:22:58 pm,10.124.10.96,,NORMAL,0.00
14/2/2026, 2:22:58 pm,10.124.7.40,,NORMAL,0.00
14/2/2026, 2:22:58 pm,10.124.7.70,,NORMAL,0.00
14/2/2026, 2:22:58 pm,10.124.9.84,,NORMAL,0.00